OBJECT NAME:,PROPERTY NAME:,CAPTION:,CONNECT:,PLANNER:,PUBLISHER:,TEAM:,WORKBENCH:
abt.AdjRule,Name,Name, ,YES, , , 
abt.AggregateField,SourceField,Source Field, ,YES, , , 
abt.AggregateField,TargetField,Target Field, ,YES, , , 
abt.Calendar,BaseCalendar,Base Calendar, ,YES, , ,YES
abt.Calendar,Name,Name, ,YES, , ,YES
abt.ChargeCode,ExternalID,ID, ,YES, , ,YES
abt.CustomEnum,CustomField,Custom Field, ,YES, , , 
abt.CustomField,ExtType,Type, ,YES, , , 
abt.CustomField,GuidelineURL,Guideline URL, ,YES, , , 
abt.CustomField,Name,Name, ,YES, , , 
abt.CustomField,Type,Type, ,YES, , , 
abt.EstModel,Name,Name, ,YES, , , 
abt.Resource,AvailCurve,Availability Curve, ,YES, , ,YES
abt.Resource,AvailUnit,Availability Units, ,YES, , ,YES
abt.Resource,Calendar,Calendar, ,YES, , ,YES
abt.Resource,DOH,Date of Hire, ,YES, , ,YES
abt.Resource,DOT,Date of Termination, ,YES, , ,YES
abt.Resource,ExternalID,ID, ,YES, , ,YES
abt.Resource,Unit,Unit of Measure, ,YES, , ,YES
abt.Site,Calendar,Calendar, ,YES, , ,YES
abt.Site,GuidelineURL,Guideline URL, ,YES, , ,YES
abt.TypeCode,ExternalID,ID, ,YES, , ,YES
mm.Assignment,Resource,Resource, ,YES, , , 
mm.Assignment,TaskObject,Task, ,YES, , , 
mm.Deliverable,ExternalID,ID, ,YES, , , 
mm.Deliverable,GuidelineURL,Guideline URL, ,YES, , , 
mm.Deliverable,Method,Method, ,YES, , , 
mm.Deliverable,Tasks,Tasks, ,YES, , , 
mm.Dependency,AmountType,Lag Type, ,YES, , , 
mm.Dependency,PredTask,Pred Task, ,YES, , , 
mm.Dependency,SuccTask,Succ Task, ,YES, , , 
mm.Dependency,Type,Dependency Type, ,YES, , , 
mm.Method,AllDeliverables,All Deliverables, ,YES, , , 
mm.Method,AllTasks,All Tasks, ,YES, , , 
mm.Method,ExternalID,ID, ,YES, , , 
mm.Method,FirstChildTask,First Child Task, ,YES, , , 
mm.Method,GuidelineURL,Guideline URL, ,YES, , , 
mm.Method,LastChildTask,Last Child Task, ,YES, , , 
mm.Method,Site,Site Reference, ,YES, , , 
mm.Method,WBSValidate,WBS Validate, ,YES, , , 
mm.Package,Hidden,Hidden, ,YES, , , 
mm.Package,Method,Method, ,YES, , , 
mm.Package,Name,Name, ,YES, , , 
mm.PackageMember,Deliverable,Deliverable, ,YES, , , 
mm.PackageMember,Package,Package, ,YES, , , 
mm.PackageMember,SubPackage,Sub Package, ,YES, , , 
mm.PackageMember,TaskObject,Task, ,YES, , , 
mm.Page,GuidelineURL,Guideline URL, ,YES, , , 
mm.Page,Method,Method, ,YES, , , 
mm.Page,Name,Name, ,YES, , , 
mm.PageMember,CustomField,Custom Field, ,YES, , , 
mm.PageMember,Page,Page, ,YES, , , 
mm.Task,Assignments,Assignments, ,YES, , , 
mm.Task,Deliverables,Deliverables, ,YES, , , 
mm.Task,Duration,Duration, ,YES, , , 
mm.Task,ExternalID,ID, ,YES, , , 
mm.Task,FirstChildTask,First Child Task, ,YES, , , 
mm.Task,GuidelineURL,Guideline URL, ,YES, , , 
mm.Task,IsFixed,Fixed Duration?, ,YES, , , 
mm.Task,IsMilestone,Milestone?, ,YES, , , 
mm.Task,IsTask,Deatil Task?, ,YES, , , 
mm.Task,LastChildTask,Last Child Task, ,YES, , , 
mm.Task,Method,Method, ,YES, , , 
mm.Task,NextTask,Next Task, ,YES, , , 
mm.Task,ParentTask,Parent Task, ,YES, , , 
mm.Task,PredDependencies,Pred Dependencies, ,YES, , , 
mm.Task,PreviousTask,Previous Task, ,YES, , , 
mm.Task,SuccDependencies,Succ Dependencies, ,YES, , , 
mm.Task,WBSLevel,WBS Level, ,YES, , , 
mm.TaskEstimate,EstModel,Est Model, ,YES, , , 
mm.TaskEstimate,TaskObject,Task, ,YES, , , 
pm.Assignment,ActCurve,Actual Usage, , , , ,YES
pm.Assignment,ActThru,Actuals Thru Date, , , , ,YES
pm.Assignment,BaseCurve,Baseline Usage, , , , ,YES
pm.Assignment,BaseMax,Baeline Max % Load, , , , ,YES
pm.Assignment,BasePattern,Baseline Loading Pattern, , , , ,YES
pm.Assignment,Calendar,, , , , ,YES
pm.Assignment,EACCurve,Total Usage, , , , ,YES
pm.Assignment,EstCurve,Estimate to Complete, , , , ,YES
pm.Assignment,EstInActualsPeriod,Estimate in Actuals Period, , , , ,YES
pm.Assignment,EstMax,Max % Load, , , , ,YES
pm.Assignment,EstPattern,Loading Pattern, , , , ,YES
pm.Assignment,Finish,End, , , , ,YES
pm.Assignment,IsPendActSumSet,Pending Actuals?, , , , ,YES
pm.Assignment,IsPendEstSumSet,Pending Estimate?, , , , ,YES
pm.Assignment,PendActSum,Pending Actuals, , , , ,YES
pm.Assignment,PendEstSum,Pending Estimate, , , , ,YES
pm.Assignment,PendingVariance,Pending Variance, , , , ,YES
pm.Assignment,Resource,Resource Reference, , , , ,YES
pm.Assignment,Start,Start, , , , ,YES
pm.Assignment,Status,Status, , , , ,YES
pm.Assignment,TaskObject,TaskObject, , , , ,YES
pm.Assignment,Team,Team, , , , ,YES
pm.Assignment,VarianceCurve,Usage Variance, , , , ,YES
pm.Constraint,TaskObject,TaskObject, , , , ,YES
pm.Constraint,Time,Constraint Date, , , , ,YES
pm.Deliverable,ExternalID,ID, , , , ,YES
pm.Deliverable,GuidelineURL,Guideline URL, , , , ,YES
pm.Deliverable,Project,Project, , , , ,YES
pm.Dependency,PredTask,PredTask, , , , ,YES
pm.Dependency,ProjectPred,ProjectPred, , , , ,YES
pm.Dependency,ProjectSucc,ProjectSucc, , , , ,YES
pm.Dependency,SuccTask,SuccTask, , , , ,YES
pm.Estmodel,Project,Project, , , , ,YES
pm.Project,ActCurve,Actual Usage, ,YES, , ,YES
pm.Project,AllDeliverables,AllDeliverables, ,YES, , ,YES
pm.Project,AllocCurve,, ,YES, , ,YES
pm.Project,Availability,Project Availability, ,YES, , ,YES
pm.Project,AvailFinish,Resource End, ,YES, , ,YES
pm.Project,AvailStart,Resource Start, ,YES, , ,YES
pm.Project,BaseCurve,Baseline Usage, ,YES, , ,YES
pm.Project,Calendar,Calendar, ,YES, , ,YES
pm.Project,EACCurve,Total Usage, ,YES, , ,YES
pm.Project,EachAvail,Each Available, ,YES, , ,YES
pm.Project,EstCurve,Estimate to Complete, ,YES, , ,YES
pm.Project,ExplicitInterest,Used to set explicit interest in a project., ,YES, , ,YES
pm.Project,ExplicitReferenceCount,Defines the number of handles a user has to a project., ,YES, , ,YES
pm.Project,ExternalID,ID, ,YES, , ,YES
pm.Project,Finish,End, ,YES, , ,YES
pm.Project,FirstChildTask,FirstChildTask, ,YES, , ,YES
pm.Project,GuidelineURL,Guideline URL, ,YES, , ,YES
pm.Project,IsApproved,Is Approved?, ,YES, , ,YES
pm.Project,IsClosed,Is Closed?, ,YES, , ,YES
pm.Project,IsOpen,Open for Time Capture?, ,YES, , ,YES
pm.Project,LastChildTask,LastChildTask, ,YES, , ,YES
pm.Project,MasterTeam,MasterTeam, ,YES, , ,YES
pm.Project,MaxActualsThru,Latest Actuals Thru, ,YES, , ,YES
pm.Project,MinActualsThru,Earliest Actuals Thru, ,YES, , ,YES
pm.Project,Priority,Priority, ,YES, , ,YES
pm.Project,ResolveID,ResolveID, ,YES, , ,YES
pm.Project,Site,Site Reference, ,YES, , ,YES
pm.Project,Start,Start, ,YES, , ,YES
pm.Project,UnusedAvailability,Unused Availability, ,YES, , ,YES
pm.Project,VarianceCurve,Usage Variance, ,YES, , ,YES
pm.Project,WBSSequence,, ,YES, , ,YES
pm.Subprojectlink,ProjectExtID,ProjectExtID, ,YES, , ,YES
pm.Subprojectlink,SubProject,, ,YES, , ,YES
pm.Subprojectlink,SubTask,SubTask, ,YES, , ,YES
pm.Subprojectlink,TaskExtID,, ,YES, , ,YES
pm.Subprojectlink,TaskObject,TaskObject, ,YES, , ,YES
pm.Task,ActCurve,Actual Usage, , , , ,YES
pm.Task,ActualPctSpent,Actual % Spent, , , , ,YES
pm.Task,ACWP,ACWP, , , , ,YES
pm.Task,Assignments,Assignments, , , , ,YES
pm.Task,AV,AV, , , , ,YES
pm.Task,BAC,BAC, , , , ,YES
pm.Task,BaseCurve,Baseline Usage, , , , ,YES
pm.Task,BaseFinish,Baseline Finish, , , , ,YES
pm.Task,Baselined,Baselined?, , , , ,YES
pm.Task,BaseStart,Baseline Start, , , , ,YES
pm.Task,BCWP,BCWP, , , , ,YES
pm.Task,BCWS,BCWS, , , , ,YES
pm.Task,Calendar,, , , , ,YES
pm.Task,Constraints,Constraints, , , , ,YES
pm.Task,CPI,CPI, , , , ,YES
pm.Task,CriticallyLate,Critically Late?, , , , ,YES
pm.Task,CV,CV, , , , ,YES
pm.Task,CVI,CVI, , , , ,YES
pm.Task,Deliverables,Deliverables, , , , ,YES
pm.Task,Duration,Duration, , , , ,YES
pm.Task,DurationVariance,Duration Variance, , , , ,YES
pm.Task,EAC,EAC, , , , ,YES
pm.Task,EACCurve,Total Usage, , , , ,YES
pm.Task,EarlyFinish,Early End, , , , ,YES
pm.Task,EarlyStart,Early Start, , , , ,YES
pm.Task,EndVariance,End Variance, , , , ,YES
pm.Task,EndVsLateEnd,End vs. Late End, , , , ,YES
pm.Task,EstCurve,Estimate to Complete, , , , ,YES
pm.Task,EstInActualsPeriod,Estimate in Actuals Period, , , , ,YES
pm.Task,ExternalID,ID, , , , ,YES
pm.Task,Finish,End, , , , ,YES
pm.Task,FirstChildTask,FirstChildTask, , , , ,YES
pm.Task,GuidelineURL,Guideline URL, , , , ,YES
pm.Task,InterprojectDependencies,Interproject Dependencies?, , , , ,YES
pm.Task,IsCritical,Critical Path?, , , , ,YES
pm.Task,IsFixed,Fixed Duration?, , , , ,YES
pm.Task,IsMilestone,Milestone?, , , , ,YES
pm.Task,IsPendActSumSet,Pending Actuals?, , , , ,YES
pm.Task,IsPendEstSumSet,Pending Estimate?, , , , ,YES
pm.Task,IsPrioritySet,Priority?, , , , ,YES
pm.Task,IsTask,Detail Task?, , , , ,YES
pm.Task,LastChildTask,LastChildTask, , , , ,YES
pm.Task,LateFinish,Late End, , , , ,YES
pm.Task,LateStart,Late Start, , , , ,YES
pm.Task,MaxActualsThru,Latest Actuals Thru, , , , ,YES
pm.Task,MinActualsThru,Earliest Actuals Thru, , , , ,YES
pm.Task,NewEACSum,New Total Usage, , , , ,YES
pm.Task,NextTask,NextTask, , , , ,YES
pm.Task,Overcommitted,Overcommitted?, , , , ,YES
pm.Task,ParentTask,ParentTask, , , , ,YES
pm.Task,PctComplete,Percent Complete , , , , ,YES
pm.Task,PctExpended,Percent Expended, , , , ,YES
pm.Task,PendActSum,Pending Actuals, , , , ,YES
pm.Task,PendEstSum,Pending Estimate, , , , ,YES
pm.Task,PendingVariance,Pending Variance, , , , ,YES
pm.Task,PerformancePctComplete,Perform % Complete, , , , ,YES
pm.Task,PredDependencies,PredDependencies, , , , ,YES
pm.Task,PreviousTask,PreviousTask, , , , ,YES
pm.Task,Priority,Priority, , , , ,YES
pm.Task,Project,Project, , , , ,YES
pm.Task,SchedulePctComplete,Schedule % Complete, , , , ,YES
pm.Task,SPI,SPI, , , , ,YES
pm.Task,Start,Start, , , , ,YES
pm.Task,StartVariance,Start Variance, , , , ,YES
pm.Task,Status,Status, , , , ,YES
pm.Task,SubProjectLink,SubProjectLink, , , , ,YES
pm.Task,SuccDependencies,SuccDependencies, , , , ,YES
pm.Task,SV,SV, , , , ,YES
pm.Task,SVI,SVI, , , , ,YES
pm.Task,TotalFloat,Float, , , , ,YES
pm.Task,VAC,VAC, , , , ,YES
pm.Task,VarianceCurve,Usage Variance, , , , ,YES
pm.Task,WBSLevel,, , , , ,YES
pm.Task,WBSType,Type, , , , ,YES
pm.Taskestimate,EstModel,EstModel, , , , ,YES
pm.Taskestimate,TaskObject,TaskObject, , , , ,YES
pm.Team,ActCurve,Actual Usage, ,YES, , ,YES
pm.Team,AllocCurve,, ,YES, , ,YES
pm.Team,Availability,Project Availability, ,YES, , ,YES
pm.Team,AvailFinish,Resource End, ,YES, , ,YES
pm.Team,AvailStart,Resource Start, ,YES, , ,YES
pm.Team,BaseCurve,Baseline Usage, ,YES, , ,YES
pm.Team,Calendar,, ,YES, , ,YES
pm.Team,EACCurve,Total Usage, ,YES, , ,YES
pm.Team,EachAvail,Each Available, ,YES, , ,YES
pm.Team,EstCurve,Estimate to Complete, ,YES, , ,YES
pm.Team,Project,Project, ,YES, , ,YES
pm.Team,Resource,Resource, ,YES, , ,YES
pm.Team,UnusedAvailability,Unused Availability, ,YES, , ,YES
pm.Team,VariableAvail,Variable Availability?, ,YES, , ,YES
pm.Team,VarianceCurve,Usage Variance, ,YES, , ,YES
pub.Site@18328d,Children,Children, , ,YES, , 
