OBJECT NAME:,PROPERTY NAME:,CAPTION:,FIELD TYPE:,FIELD LENGTH:,REPO TABLE NAME:,REPO NAME:,REPO CAPTION:,REPO TYPE:,REPO LENGTH:,CONNECT:,PLANNER:,PUBLISHER:,TEAM:,WORKBENCH:,READ:,WRITE:
abt.AggregateField,ID,ID,Long, ,MRAggregateField,prID,ID,Long,, ,YES, , , ,YES,YES
abt.AggregateField,SourceFieldID,Source Field ID,Long, ,MRAggregateField,prSourceFieldID,Source Field ID,Long,, ,YES, , , ,YES,YES
abt.AggregateField,TargetFieldID,Target Field ID,Long, ,MRAggregateField,prTargetFieldID,Target Field ID,Long,, ,YES, , , ,YES,YES
abt.AggregateField,Weight,Weight,Short, ,MRAggregateField,prWeight,Weight,short,, ,YES, , , ,YES,YES
abt.AdjRule,ID,ID,Long, ,MRAdjRule,prID,ID,Long,, ,YES, , , ,YES,YES
abt.AdjRule,Name,Name,Text,32,MRAdjRule,prName,Name,Text,32, ,YES, , , ,YES,YES
abt.AdjRule,Value,Value,Text, ,MRAdjRule,prValue,Value,Memo,, ,YES, , , ,YES,YES
pm.Assignment,ActCurve,Actual Usage,Curve, ,PRAssignment,prActCurve,,Binary,, , , , ,YES,YES,YES
pm.Assignment,ActSum,ActSum,Double, ,PRAssignment,prActSum,,Double,, , , , ,YES,YES,YES
pm.Assignment,ActThru,Actuals Thru Date,Date, ,PRAssignment,prActThru,,Time,, , , , ,YES,YES,YES
pm.Assignment,BaseCurve,Baseline Usage,Curve, ,PRAssignment,prBaseCurve,,Binary,, , , , ,YES,YES,YES
pm.Assignment,BaseMax,Baeline Max % Load,Double, ,PRAssignment,prBaseMax,,Double,, , , , ,YES,YES,YES
pm.Assignment,BasePattern,Baseline Loading Pattern,Short, ,PRAssignment,prBasePattern,,Short,, , , , ,YES,YES,YES
pm.Assignment,BaseSum,BaseSum,Double, ,PRAssignment,prBaseSum,,Double,, , , , ,YES,YES,YES
pm.Assignment,Calendar,,Curve, ,PRAssignment,prCalendar,,Binary,, , , , ,YES,YES,YES
pm.Assignment,EACCurve,Total Usage,Curve, ,PRAssignment,None,None,None, , , , , ,YES,YES,YES
pm.Assignment,EstCurve,Estimate to Complete,Curve, ,PRAssignment,prEstCurve,,Binary,, , , , ,YES,YES,YES
pm.Assignment,EstInActualsPeriod,Estimate in Actuals Period,Double, ,PRAssignment,None,None,None, , , , , ,YES,YES,YES
pm.Assignment,EstMax,Max % Load,Double, ,PRAssignment,prEstMax,,Double,, , , , ,YES,YES,YES
pm.Assignment,EstPattern,Loading Pattern,Short, ,PRAssignment,prEstPattern,,Short,, , , , ,YES,YES,YES
pm.Assignment,EstSum,EstSum,Double, ,PRAssignment,prEstSum,ETC,Double,, , , , ,YES,YES,YES
pm.Assignment,Finish,End,Date, ,PRAssignment,prFinish,Finish,Time,, , , , ,YES,YES,YES
pm.Assignment,IDField,Defines the property that labels the object,Text, ,PRAssignment,None,None,None, , , , , ,YES,YES,YES
pm.Assignment,IsPendActSumSet,Pending Actuals?,Boolean, ,PRAssignment,None,None,None, , , , , ,YES,YES,YES
pm.Assignment,IsPendEstSumSet,Pending Estimate?,Boolean, ,PRAssignment,None,None,None, , , , , ,YES,YES,YES
pm.Assignment,IsUnplanned,Unplanned?,Boolean, ,PRAssignment,prIsUnplanned,Unplanned,Boolean,, , , , ,YES,YES,YES
pm.Assignment,ModTime,ModTime,Date, ,PRAssignment,prModTime,Modification Time,Time,, , , , ,YES,YES,YES
pm.Assignment,NewEACSum,New Total Usage,Double, ,PRAssignment,None,None,None, , , , , ,YES,YES,YES
pm.Assignment,PendActSum,Pending Actuals,Double, ,PRAssignment,prPendActSum,Pending Actuals,Double,, , , , ,YES,YES,YES
pm.Assignment,PendEstSum,Pending Estimate,Double, ,PRAssignment,prPendEstSum,Pending ETC,Double,, , , , ,YES,YES,YES
pm.Assignment,PendingVariance,Pending Variance,Double, ,PRAssignment,None,None,None, , , , , ,YES,YES,YES
pm.Assignment,Start,Start,Date, ,PRAssignment,prStart,Start,Time,, , , , ,YES,YES,YES
pm.Assignment,Status,Status,Short, ,PRAssignment,prStatus,Status,Short,, , , , ,YES,YES,YES
pm.Assignment,VarianceCurve,Usage Variance,Curve, ,PRAssignment,None,None,None, , , , , ,YES,YES,YES
pm.Assignment,WDM,Percent,Double, ,PRAssignment,prWDM,WDM,Double,, , , , ,YES,YES,YES
pub.ViewAssignment@183c74,ActCurve,Actuals Curve,UnKnown, ,PRAssignment,prActCurve,,Binary,, , ,YES, , ,YES, 
pub.ViewAssignment@183c74,BaseCurve,Base Curve,UnKnown, ,PRAssignment,prBaseCurve,,Binary,, , ,YES, , ,YES, 
pub.ViewAssignment@183c74,EACCurve,EAC Curve,UnKnown, ,PRAssignment,None,None,None, , , ,YES, , ,YES, 
pub.ViewAssignment@183c74,EstCurve,Estimates Curve,UnKnown, ,PRAssignment,prEstCurve,,Binary,, , ,YES, , ,YES, 
pub.ViewAssignment@183c74,ExternalID,External ID,Text, ,PRAssignment,None,None,None, , , ,YES, , ,YES, 
pub.ViewAssignment@183c74,Finish,Finish,Date, ,PRAssignment,prFinish,Finish,Time,, , ,YES, , ,YES, 
pub.ViewAssignment@183c74,FirstChild,First Child,UnKnown, ,PRAssignment,None,None,None, , , ,YES, , ,YES, 
pub.ViewAssignment@183c74,ID,ID, , ,PRAssignment,prID,ID,Long,, , ,YES, , ,YES, 
pub.ViewAssignment@183c74,LastChild,Last Child,UnKnown, ,PRAssignment,None,None,None, , , ,YES, , ,YES, 
pub.ViewAssignment@183c74,Name,Name,Text, ,PRAssignment,None,None,None, , , ,YES, , ,YES, 
pub.ViewAssignment@183c74,NextSibling,Next Sibling,UnKnown, ,PRAssignment,None,None,None, , , ,YES, , ,YES, 
pub.ViewAssignment@183c74,Parent,Parent,UnKnown, ,PRAssignment,None,None,None, , , ,YES, , ,YES, 
pub.ViewAssignment@183c74,PrevSibling,Previous Sibling,UnKnown, ,PRAssignment,None,None,None, , , ,YES, , ,YES, 
pub.ViewAssignment@183c74,Start,Start,Date, ,PRAssignment,prStart,Start,Time,, , ,YES, , ,YES, 
pub.ViewAssignment@183c74,Status,Status, , ,PRAssignment,prStatus,Status,Short,, , ,YES, , ,YES, 
pub.ViewAssignment@183c74,VarianceCurve,Variance Curve,UnKnown, ,PRAssignment,None,None,None, , , ,YES, , ,YES, 
mm.Assignment,ID,ID,Long, ,MRAssignment,prID,ID,Long,, ,YES, , , ,YES,YES
mm.Assignment,ResourceID,Resource ID,Long, ,MRAssignment,prResourceID,Resource,Long,, ,YES, , , ,YES,YES
mm.Assignment,TaskID,Task ID,Long, ,MRAssignment,prTaskID,Task,Long,, ,YES, , , ,YES,YES
mm.Assignment,WDM,Percent,Double, ,MRAssignment,prWDM,WDM,Double,, ,YES, , , ,YES,YES
abt.Calendar,BaseCalendarID,,Long, ,PRCalendar,prBaseCalendarID,,Long,, ,YES, , ,YES,YES, 
abt.Calendar,ID,ID,Long, ,PRCalendar,prID,ID,Long,, ,YES, , ,YES,YES, 
abt.Calendar,Name,Name,Text,32,PRCalendar,prName,Name,Text,32, ,YES, , ,YES,YES, 
abt.Calendar,ResourceID,,Long, ,PRCalendar,prResourceID,,Long,, ,YES, , ,YES,YES, 
abt.Calendar,Value,Value,Curve, ,PRCalendar,prValue,,Binary,, ,YES, , ,YES,YES, 
pm.Constraint,ID,,Long, ,PRConstraint,prID,ID,Long,, , , , ,YES,YES,YES
pm.Constraint,IDField,Defines the property that labels the object,Text, ,PRConstraint,None,None,None, , , , , ,YES,YES,YES
pm.Constraint,TaskID,Task ID,Long, ,PRConstraint,prTaskID,Task,Long,, , , , ,YES,YES,YES
pm.Constraint,Time,Constraint Date,Date, ,PRConstraint,prTime,Time,Time,, , , , ,YES,YES,YES
pm.Constraint,Type,Constraint Type,Short, ,PRConstraint,prType,Type,Short,, , , , ,YES,YES,YES
abt.CustomEnum,Caption,Caption,Text,64,MRCustomEnum,prCaption,Enum Caption,Text,64, ,YES, , , ,YES,YES
abt.CustomEnum,FieldID,Field ID,Long, ,MRCustomEnum,prFieldID,Custom Field,Long,, ,YES, , , ,YES,YES
abt.CustomEnum,ID,ID,Long, ,MRCustomEnum,prID,ID,Long,, ,YES, , , ,YES,YES
abt.CustomEnum,Value,Value,Short, ,MRCustomEnum,prValue,Value,Short,, ,YES, , , ,YES,YES
abt.CustomField,Caption,Caption,Text,254,MRCustomField,prCaption,Caption,Text,254, ,YES, , , ,YES,YES
abt.CustomField,Constraint,Constraint,Text,254,MRCustomField,prConstraint,Constraint,Text,254, ,YES, , , ,YES,YES
abt.CustomField,Default,Default,Text,64,MRCustomField,prDefault,Default,Text,64, ,YES, , , ,YES,YES
abt.CustomField,ExtType,Type,Short, ,MRCustomField,prExtType,Extension Type,Short,, ,YES, , , ,YES,YES
abt.CustomField,FieldName,,Text,16,MRCustomField,None,None,None, , ,YES, , , ,YES,YES
abt.CustomField,Guidelines,Guidelines,Text,254,MRCustomField,prGuidelines,Guidelines,Text,254, ,YES, , , ,YES,YES
abt.CustomField,GuidelineURL,Guideline URL,Text,254,MRCustomField,None,None,None, , ,YES, , , ,YES,YES
abt.CustomField,ID,ID,Long, ,MRCustomField,prID,ID,Long,, ,YES, , , ,YES,YES
abt.CustomField,Name,Name,Text,16,MRCustomField,prName,Field Name,Text,16, ,YES, , , ,YES,YES
abt.CustomField,Type,Type,Short, ,MRCustomField,prType,Type,Short,, ,YES, , , ,YES,YES
pm.Deliverable,Category,Category,Text,32,PRDeliverable,prCategory,Category,Text,32, , , , ,YES,YES, 
pm.Deliverable,ExternalID,ID,Text,16,PRDeliverable,prExternalID,External ID,Text,16, , , , ,YES,YES, 
pm.Deliverable,Guidelines,Guidelines,Text,254,PRDeliverable,prGuidelines,Guidelines,Text,254, , , , ,YES,YES, 
pm.Deliverable,GuidelineURL,Guideline URL,Text,254,PRDeliverable,None,None,None, , , , , ,YES,YES, 
pm.Deliverable,ID,,Long, ,PRDeliverable,prID,ID,Long,, , , , ,YES,YES, 
pm.Deliverable,IDField,Defines the property that labels the object,Text, ,PRDeliverable,None,None,None, , , , , ,YES,YES, 
pm.Deliverable,Name,Name,Text,64,PRDeliverable,prName,Name,Text,64, , , , ,YES,YES, 
pm.Deliverable,ProjectID,Project ID,Long, ,PRDeliverable,prProjectID,Project ID,Long,, , , , ,YES,YES, 
mm.Deliverable,Category,Category,Text,32,MRDeliverable,prCategory,Category,Text,32, ,YES, , , ,YES,YES
mm.Deliverable,ExternalID,ID,Text,16,MRDeliverable,prExternalID,External ID,Text,16, ,YES, , , ,YES,YES
mm.Deliverable,Guidelines,Guidelines,Text,254,MRDeliverable,prGuidelines,Guidelines,Text,254, ,YES, , , ,YES,YES
mm.Deliverable,GuidelineURL,Guideline URL,Text,254,MRDeliverable,None,None,None, , ,YES, , , ,YES,YES
mm.Deliverable,ID,ID,Long, ,MRDeliverable,prID,ID,Long,, ,YES, , , ,YES,YES
mm.Deliverable,MethodID,Method ID,Long, ,MRDeliverable,prMethodID,Method ID,Long,, ,YES, , , ,YES,YES
mm.Deliverable,Name,Name,Text,64,MRDeliverable,prName,Name,Text,64, ,YES, , , ,YES,YES
mm.Deliverable,WBSLevel,WBS Level,Short, ,MRDeliverable,prWBSLevel,Level,Short,, ,YES, , , ,YES,YES
mm.Deliverable,WBSSequence,WBS Sequence,Short, ,MRDeliverable,prWBSSequence,Sequence,Short,, ,YES, , , ,YES,YES
pm.Dependency,Amount,Lag,Double, ,PRDependency,prAmount,Amount,Double,, , , , ,YES,YES,YES
pm.Dependency,AmountType,Lag Type,Short, ,PRDependency,prAmountType,Amount Type,Short,, , , , ,YES,YES,YES
pm.Dependency,ID,,Long, ,PRDependency,prID,ID,Long,, , , , ,YES,YES,YES
pm.Dependency,IDField,Defines the property that labels the object,Text, ,PRDependency,None,None,None, , , , , ,YES,YES,YES
pm.Dependency,IsIPD,Interproject Dependency?,Boolean, ,PRDependency,None,None,None, , , , , ,YES,YES,YES
pm.Dependency,PredTaskID,Predecessor,Long, ,PRDependency,prPredTaskID,Predecessor,Long,, , , , ,YES,YES,YES
pm.Dependency,SuccTaskID,Successor,Long, ,PRDependency,prSuccTaskID,Successor,Long,, , , , ,YES,YES,YES
pm.Dependency,Type,Type,Short, ,PRDependency,prType,Type,Short,, , , , ,YES,YES,YES
mm.Dependency,Amount,Lag,Double, ,MRDependency,prAmount,Amount,Double,, ,YES, , , ,YES,YES
mm.Dependency,AmountType,Lag Type,Short, ,MRDependency,prAmountType,Amount Type,Short,, ,YES, , , ,YES,YES
mm.Dependency,ID,ID,Long, ,MRDependency,prID,ID,Long,, ,YES, , , ,YES,YES
mm.Dependency,PredTaskID,Pred Task ID,Long, ,MRDependency,prPredTaskID,Predecessor,Long,, ,YES, , , ,YES,YES
mm.Dependency,SuccTaskID,Succ Task ID,Long, ,MRDependency,prSuccTaskID,Successor,Long,, ,YES, , , ,YES,YES
mm.Dependency,Type,Dependency Type,Short, ,MRDependency,prType,Type,Short,, ,YES, , , ,YES,YES
mm.TaskEstimate,EstModelID,Est Model ID,Long, ,MREstimate,None,None,None, , ,YES, , , ,YES,YES
mm.TaskEstimate,Formula,Formula,Text, ,MREstimate,None,None,None, , ,YES, , , ,YES,YES
mm.TaskEstimate,ID,ID,Long, ,MREstimate,None,None,None, , ,YES, , , ,YES,YES
mm.TaskEstimate,TaskID,Task ID,Long, ,MREstimate,None,None,None, , ,YES, , , ,YES,YES
pm.Estmodel,ID,,Long, ,PREstModel,prID,ID,Long,, ,YES, , , ,YES,YES
pm.Estmodel,IDField,Defines the property that labels the object,Text, ,PREstModel,None,None,None, , ,YES, , , ,YES,YES
pm.Estmodel,Name,Name,Text,32,PREstModel,prName,Name,Text,32, ,YES, , , ,YES,YES
pm.Estmodel,ProjectID,Project ID,Long, ,PREstModel,prProjectID,Project ID,Long,, ,YES, , , ,YES,YES
abt.EstModel,ID,ID,Long, ,MREstModel,prID,ID,Long,, ,YES, , , ,YES,YES
abt.EstModel,Name,Name,Text,32,MREstModel,prName,Name,Text,32, ,YES, , , ,YES,YES
abt.Note,Category,Category,Text,32,PRNote,prCategory,Category,Text,32, , , , ,YES,YES,YES
abt.Note,CreatedBy,Created By,Text,32,PRNote,prCreatedBy,Created By,Text,32, , , , ,YES,YES,YES
abt.Note,CreatedTime,Created Time,Date, ,PRNote,prCreatedTime,Creation Time,Time,, , , , ,YES,YES,YES
abt.Note,ID,ID,Long, ,PRNote,prID,ID,Long,, , , , ,YES,YES,YES
abt.Note,ModBy,Modified By,Text,32,PRNote,prModBy,Modified By,Text,32, , , , ,YES,YES,YES
abt.Note,ModTime,Modified Time,Date, ,PRNote,prModTime,Modification Time,Time,, , , , ,YES,YES,YES
abt.Note,RecordID,Record ID,Long, ,PRNote,prRecordID,Record ID,Long,, , , , ,YES,YES,YES
abt.Note,TableName,Table Name,Text,16,PRNote,prTableName,Table Name,Text,16, , , , ,YES,YES,YES
abt.Note,Value,Note,Text, ,PRNote,prValue,Value,Memo,, , , , ,YES,YES,YES
mm.Method,DeliverableExtIDArray,DeliverableExtIDArray,Array, ,MRMethod,None,None,None, , ,YES, , , ,YES,YES
mm.Method,ExternalID,ID,Text,16,MRMethod,prExternalID,External ID,Text,16, ,YES, , , ,YES,YES
mm.Method,Filename,Filename,Text,254,MRMethod,prFilename,File Name,Text,254, ,YES, , , ,YES,YES
mm.Method,FromFile,FromFile,Text,260,MRMethod,None,None,None, , ,YES, , , ,YES,YES
mm.Method,Guidelines,Guidelines,Text,254,MRMethod,prGuidelines,Guidelines,Text,254, ,YES, , , ,YES,YES
mm.Method,GuidelineURL,Guideline URL,Text,254,MRMethod,None,None,None, , ,YES, , , ,YES,YES
mm.Method,ID,ID,Long, ,MRMethod,prID,ID,Long,, ,YES, , , ,YES,YES
mm.Method,IsFullyPopulated,Fully Populated,Boolean, ,MRMethod,None,None,None, , ,YES, , , ,YES,YES
mm.Method,LockedBy,Locked By,Text,32,MRMethod,None,None,None, , ,YES, , , ,YES,YES
mm.Method,LockedByMe,,Boolean, ,MRMethod,None,None,None, , ,YES, , , ,YES,YES
mm.Method,Name,Name,Text,32,MRMethod,prName,Name,Text,32, ,YES, , , ,YES,YES
mm.Method,PackageNameArray,Package Name Array,Array, ,MRMethod,None,None,None, , ,YES, , , ,YES,YES
mm.Method,PageNameArray,Page Name Array,Array, ,MRMethod,None,None,None, , ,YES, , , ,YES,YES
mm.Method,ReadOnlyRight,,Boolean, ,MRMethod,None,None,None, , ,YES, , , ,YES,YES
mm.Method,RepoName,RepoName,Text,32,MRMethod,None,None,None, , ,YES, , , ,YES,YES
mm.Method,TaskExtIDArray,TaskExtIDArray,Array, ,MRMethod,None,None,None, , ,YES, , , ,YES,YES
mm.Method,Version,Version,Short, ,MRMethod,prVersion,Version,Short,, ,YES, , , ,YES,YES
mm.Method,WBSValidate,WBS Validate,Boolean, ,MRMethod,None,None,None, , ,YES, , , ,YES,YES
mm.Package,Category,Category,Text,32,MRPackage,prCategory,Category,Text,32, ,YES, , , ,YES,YES
mm.Package,Hidden,Hidden,Boolean, ,MRPackage,prHidden,Hidden,Boolean,, ,YES, , , ,YES,YES
mm.Package,ID,ID,Long, ,MRPackage,prID,ID,Long,, ,YES, , , ,YES,YES
mm.Package,MethodID,Method ID,Long, ,MRPackage,prMethodID,Method ID,Long,, ,YES, , , ,YES,YES
mm.Package,Name,Name,Text,32,MRPackage,prName,Name,Text,32, ,YES, , , ,YES,YES
mm.Package,RecCondition,Condition,Text, ,MRPackage,prRecCondition,Rec Condition,Memo,, ,YES, , , ,YES,YES
mm.PackageMember,ID,ID,Long, ,MRPackageContent,prID,ID,Long,, ,YES, , , ,YES,YES
mm.PackageMember,PackageID,Package ID,Long, ,MRPackageContent,prPackageID,Package ID,Long,, ,YES, , , ,YES,YES
mm.PackageMember,RecordID,Record ID,Long, ,MRPackageContent,prRecordID,Record ID,Long,, ,YES, , , ,YES,YES
mm.PackageMember,TableName,Table Name,Text,16,MRPackageContent,prTableName,Table Name,Text,16, ,YES, , , ,YES,YES
mm.Page,Guidelines,Guidelines,Text,254,MRPage,prGuidelines,Guidelines,Text,254, ,YES, , , ,YES,YES
mm.Page,GuidelineURL,Guideline URL,Text,254,MRPage,None,None,None, , ,YES, , , ,YES,YES
mm.Page,ID,ID,Long, ,MRPage,prID,ID,Long,, ,YES, , , ,YES,YES
mm.Page,MethodID,Method ID,Long, ,MRPage,prMethodID,Method ID,Long,, ,YES, , , ,YES,YES
mm.Page,Name,Name,Text,32,MRPage,prName,Name,Text,32, ,YES, , , ,YES,YES
mm.Page,Navigation,Navigation,Text, ,MRPage,prNavigation,Navigation,Memo,, ,YES, , , ,YES,YES
mm.Page,Sequence,Sequence,Short, ,MRPage,prSequence,Sequence,Short,, ,YES, , , ,YES,YES
mm.PageMember,FieldID,Field ID,Long, ,MRPageContent,prFieldID,Field ID,Long,, ,YES, , , ,YES,YES
mm.PageMember,ID,ID,Long, ,MRPageContent,prID,ID,Long,, ,YES, , , ,YES,YES
mm.PageMember,PageID,Page ID,Long, ,MRPageContent,prPageID,Page ID,Long,, ,YES, , , ,YES,YES
mm.PageMember,Sequence,Sequence,Short, ,MRPageContent,prSequence,Sequence,Short,, ,YES, , , ,YES,YES
pm.Project,ActCurve,Actual Usage,Curve, ,PRProject,None,None,None, , ,YES, , ,YES,YES,YES
pm.Project,AllocCurve,,Curve, ,PRProject,None,None,None, , ,YES, , ,YES,YES,YES
pm.Project,ApprovedTime,Approved Time,Date, ,PRProject,prApprovedTime,Approved Time,Time,, ,YES, , ,YES,YES,YES
pm.Project,AsOf,As Of Date,Date, ,PRProject,prAsOf,As Of,Time,, ,YES, , ,YES,YES,YES
pm.Project,Availability,Project Availability,Curve, ,PRProject,None,None,None, , ,YES, , ,YES,YES,YES
pm.Project,AvailFinish,Resource End,Date, ,PRProject,None,None,None, , ,YES, , ,YES,YES,YES
pm.Project,AvailStart,Resource Start,Date, ,PRProject,None,None,None, , ,YES, , ,YES,YES,YES
pm.Project,BaseCurve,Baseline Usage,Curve, ,PRProject,None,None,None, , ,YES, , ,YES,YES,YES
pm.Project,Budget,Budget,Double, ,PRProject,prBudget,Budget,Double,, ,YES, , ,YES,YES,YES
pm.Project,CActFinish,Committed Actuals End,Date, ,PRProject,prCActFinish,Committed Actuals Finish,Time,, ,YES, , ,YES,YES,YES
pm.Project,CActStart,Committed Actuals Start,Date, ,PRProject,prCActStart,Committed Actuals Start,Time,, ,YES, , ,YES,YES,YES
pm.Project,Calendar,Calendar,Curve, ,PRProject,None,None,None, , ,YES, , ,YES,YES,YES
pm.Project,ChargeCodeID,Charge Code,Long, ,PRProject,prChargeCodeID,Charge Code,Long,, ,YES, , ,YES,YES,YES
pm.Project,ClosedTime,Closed Time,Date, ,PRProject,prClosedTime,Closed Time,Time,, ,YES, , ,YES,YES,YES
pm.Project,CPMType,Critical Path Type,Short, ,PRProject,prCPMType,CPM Type,Short,, ,YES, , ,YES,YES,YES
pm.Project,DeliverableExtIDArray,DeliverableExtIDArray,Array, ,PRProject,None,None,None, , ,YES, , ,YES,YES,YES
pm.Project,Department,Department,Text,32,PRProject,prDepartment,Department,Text,32, ,YES, , ,YES,YES,YES
pm.Project,Description,Description,Text,254,PRProject,prDescription,Description,Text,254, ,YES, , ,YES,YES,YES
pm.Project,EACCurve,Total Usage,Curve, ,PRProject,None,None,None, , ,YES, , ,YES,YES,YES
pm.Project,EachAvail,Each Available,Curve, ,PRProject,None,None,None, , ,YES, , ,YES,YES,YES
pm.Project,EstCurve,Estimate to Complete,Curve, ,PRProject,None,None,None, , ,YES, , ,YES,YES,YES
pm.Project,ExplicitInterest,Used to set explicit interest in a project.,Boolean, ,PRProject,None,None,None, , ,YES, , ,YES,YES,YES
pm.Project,ExplicitReferenceCount,Defines the number of handles a user has to a project., , ,PRProject,None,None,None, , ,YES, , ,YES,YES,YES
pm.Project,ExternalID,ID,Text,16,PRProject,prExternalID,External ID,Text,16, ,YES, , ,YES,YES,YES
pm.Project,Filename,Filename,Text,254,PRProject,prFilename,Filename,Text,254, ,YES, , ,YES,YES,YES
pm.Project,Finish,End,Date, ,PRProject,prFinish,Finish,Time,, ,YES, , ,YES,YES,YES
pm.Project,FinishImposed,End Imposed,Boolean, ,PRProject,prFinishImposed,Finish Imposed,Boolean,, ,YES, , ,YES,YES,YES
pm.Project,FiscalStart,Fiscal Start,Date, ,PRProject,prFiscalStart,Fiscal Start,Time,, ,YES, , ,YES,YES,YES
pm.Project,Format,Format,Short, ,PRProject,prFormat,Format,Short,, ,YES, , ,YES,YES,YES
pm.Project,FromFile,FromFile,Text,260,PRProject,None,None,None, , ,YES, , ,YES,YES,YES
pm.Project,Guidelines,Guidelines,Text,254,PRProject,prGuidelines,Guidelines,Text,254, ,YES, , ,YES,YES,YES
pm.Project,GuidelineURL,Guideline URL,Text,254,PRProject,None,None,None, , ,YES, , ,YES,YES,YES
pm.Project,ID,,Long, ,PRProject,prID,ID,Long,, ,YES, , ,YES,YES,YES
pm.Project,IDField,Defines the property that labels the object,Text, ,PRProject,None,None,None, , ,YES, , ,YES,YES,YES
pm.Project,IsApproved,Is Approved?,Boolean, ,PRProject,None,None,None, , ,YES, , ,YES,YES,YES
pm.Project,IsClosed,Is Closed?,Boolean, ,PRProject,None,None,None, , ,YES, , ,YES,YES,YES
pm.Project,IsFullyPopulated,IsFullyPopulated,Boolean, ,PRProject,None,None,None, , ,YES, , ,YES,YES,YES
pm.Project,IsMaster,,Boolean, ,PRProject,None,None,None, , ,YES, , ,YES,YES,YES
pm.Project,IsOpen,Open for Time Capture?,Boolean, ,PRProject,prIsOpen,Open,Boolean,, ,YES, , ,YES,YES,YES
pm.Project,LockedBy,Locked By,Text,32,PRProject,None,None,None, , ,YES, , ,YES,YES,YES
pm.Project,LockedByMe,,Boolean, ,PRProject,None,None,None, , ,YES, , ,YES,YES,YES
pm.Project,Manager,Manager,Text,32,PRProject,prManager,Manager,Text,32, ,YES, , ,YES,YES,YES
pm.Project,ManagerID,Manager ID,Text,16,PRProject,prManagerID,Manager ID,Text,16, ,YES, , ,YES,YES,YES
pm.Project,MasterTeam,MasterTeam,Array, ,PRProject,None,None,None, , ,YES, , ,YES,YES,YES
pm.Project,MaxActualsThru,Latest Actuals Thru,Date, ,PRProject,None,None,None, , ,YES, , ,YES,YES,YES
pm.Project,MinActualsThru,Earliest Actuals Thru,Date, ,PRProject,None,None,None, , ,YES, , ,YES,YES,YES
pm.Project,Name,Name,Text,32,PRProject,prName,Name,Text,32, ,YES, , ,YES,YES,YES
pm.Project,PctComplete,% Complete at Start,Double, ,PRProject,prPctComplete,Percent Complete At Start,Double,, ,YES, , ,YES,YES,YES
pm.Project,PendingFinish,Pending End,Date, ,PRProject,None,None,None, , ,YES, , ,YES,YES,YES
pm.Project,Priority,Priority,Short, ,PRProject,prPriority,Priority,Short,, ,YES, , ,YES,YES,YES
pm.Project,Program,Program,Text,32,PRProject,prProgram,Program,Text,32, ,YES, , ,YES,YES,YES
pm.Project,ReadOnly,,Boolean, ,PRProject,None,None,None, , ,YES, , ,YES,YES,YES
pm.Project,ReadOnlyRight,,Boolean, ,PRProject,None,None,None, , ,YES, , ,YES,YES,YES
pm.Project,RepoName,RepoName,Text,32,PRProject,None,None,None, , ,YES, , ,YES,YES,YES
pm.Project,RequestedBy,Requested By,Text,32,PRProject,prRequestedBy,Requested By,Text,32, ,YES, , ,YES,YES,YES
pm.Project,RequestedTime,Requested Time,Date, ,PRProject,prRequestedTime,Requested Time,Time,, ,YES, , ,YES,YES,YES
pm.Project,ResolveID,ResolveID,UnKnown, ,PRProject,None,None,None, , ,YES, , ,YES,YES,YES
pm.Project,ResolveIDList,ResolveIDList,Array, ,PRProject,None,None,None, , ,YES, , ,YES,YES,YES
pm.Project,SizeAdjust,Size Adjustment,Double, ,PRProject,prSizeAdjust,Size Adjust,Double,, ,YES, , ,YES,YES,YES
pm.Project,SizeAdjustOn,Size Adjustment Active,Boolean, ,PRProject,prSizeAdjustOn,Size Adjust On,Boolean,, ,YES, , ,YES,YES,YES
pm.Project,SponsoredBy,Sponsored By,Text,32,PRProject,prSponsoredBy,Sponsored By,Text,32, ,YES, , ,YES,YES,YES
pm.Project,Start,Start,Date, ,PRProject,prStart,Start,Time,, ,YES, , ,YES,YES,YES
pm.Project,StartImposed,Start Imposed,Boolean, ,PRProject,prStartImposed,Start Imposed,Boolean,, ,YES, , ,YES,YES,YES
pm.Project,TaskExtIDArray,TaskExtIDArray,Array, ,PRProject,None,None,None, , ,YES, , ,YES,YES,YES
pm.Project,TeamHash,TeamHash, , ,PRProject,None,None,None, , ,YES, , ,YES,YES,YES
pm.Project,TrackMode,Tracking Mode,Short, ,PRProject,prTrackMode,Track Mode,Short,, ,YES, , ,YES,YES,YES
pm.Project,UnusedAvailability,Unused Availability,Curve, ,PRProject,None,None,None, , ,YES, , ,YES,YES,YES
pm.Project,UserName,User Name,Text,32,PRProject,prUserName,User Name,Text,32, ,YES, , ,YES,YES,YES
pm.Project,UserText1,User Text 1,Text,32,PRProject,prUserText1,User Text 1,Text,32, ,YES, , ,YES,YES,YES
pm.Project,UserText2,User Text 2,Text,32,PRProject,prUserText2,User Text 2,Text,32, ,YES, , ,YES,YES,YES
pm.Project,UserText3,User Text 3,Text,32,PRProject,prUserText3,User Text 3,Text,32, ,YES, , ,YES,YES,YES
pm.Project,UserText4,User Text 4,Text,32,PRProject,prUserText4,User Text 4,Text,32, ,YES, , ,YES,YES,YES
pm.Project,VariableAvail,Variable Availability?,Boolean, ,PRProject,None,None,None, , ,YES, , ,YES,YES,YES
pm.Project,VarianceCurve,Usage Variance,Curve, ,PRProject,None,None,None, , ,YES, , ,YES,YES,YES
pm.Project,Version,Version,Short, ,PRProject,prVersion,Version,Short,, ,YES, , ,YES,YES,YES
pm.Project,WBSSequence,,Array, ,PRProject,None,None,None, , ,YES, , ,YES,YES,YES
pub.ViewProject@18329d,ExternalID,External ID,Text, ,PRProject,prExternalID,External ID,Text,16, , ,YES, , ,YES, 
pub.ViewProject@18329d,Finish,Finish,Date, ,PRProject,prFinish,Finish,Time,, , ,YES, , ,YES, 
pub.ViewProject@18329d,FirstChild,First Child,UnKnown, ,PRProject,None,None,None, , , ,YES, , ,YES, 
pub.ViewProject@18329d,ID,ID, , ,PRProject,prID,ID,Long,, , ,YES, , ,YES, 
pub.ViewProject@18329d,LastChild,Last Child,UnKnown, ,PRProject,None,None,None, , , ,YES, , ,YES, 
pub.ViewProject@18329d,Name,Name,Text, ,PRProject,prName,Name,Text,32, , ,YES, , ,YES, 
pub.ViewProject@18329d,NextSibling,Next Sibling,UnKnown, ,PRProject,None,None,None, , , ,YES, , ,YES, 
pub.ViewProject@18329d,Parent,Parent,UnKnown, ,PRProject,None,None,None, , , ,YES, , ,YES, 
pub.ViewProject@18329d,PrevSibling,Previous Sibling,UnKnown, ,PRProject,None,None,None, , , ,YES, , ,YES, 
pub.ViewProject@18329d,Start,Start,Date, ,PRProject,prStart,Start,Time,, , ,YES, , ,YES, 
abt.Resource,AvailDefault,Default Availability,Double, ,PRResource,prAvailDefault,Default Availability,Double,, ,YES, , ,YES,YES, 
abt.Resource,AvailUnit,Availability Units,Short, ,PRResource,prAvailUnit,Availability Unit,Short,, ,YES, , ,YES,YES, 
abt.Resource,Calendar,Calendar,Curve, ,PRResource,prCalendar,,Binary,, ,YES, , ,YES,YES, 
abt.Resource,CalendarID,Calendar ID,Long, ,PRResource,prCalendarID,Calendar,Long,, ,YES, , ,YES,YES, 
abt.Resource,Category,Category,Text,32,PRResource,prCategory,Category,Text,32, ,YES, , ,YES,YES, 
abt.Resource,Count,Count,Double, ,PRResource,prCount,Count,Double,, ,YES, , ,YES,YES, 
abt.Resource,DOH,Date of Hire,Date, ,PRResource,prDOH,Date of Hire,Time,, ,YES, , ,YES,YES, 
abt.Resource,DOT,Date of Termination,Date, ,PRResource,prDOT,Date of Termination,Time,, ,YES, , ,YES,YES, 
abt.Resource,ExternalID,ID,Text,16,PRResource,prExternalID,External ID,Text,16, ,YES, , ,YES,YES, 
abt.Resource,ID,ID,Long, ,PRResource,prID,ID,Long,, ,YES, , ,YES,YES, 
abt.Resource,IsOpen,Open for Time Capture?,Boolean, ,PRResource,prIsOpen,Open,Boolean,, ,YES, , ,YES,YES, 
abt.Resource,IsRole,Role?,Boolean, ,PRResource,prIsRole,Is Role,Boolean,, ,YES, , ,YES,YES, 
abt.Resource,Name,Name,Text,32,PRResource,prName,Name,Text,32, ,YES, , ,YES,YES, 
abt.Resource,OvertimeRate,Overtime Rate,Double, ,PRResource,prOvertimeRate,Overtime Rate,Double,, ,YES, , ,YES,YES, 
abt.Resource,Rate,Billing Rate,Double, ,PRResource,prRate,Rate,Double,, ,YES, , ,YES,YES, 
abt.Resource,ReadOnly,,Boolean, ,PRResource,None,None,None, , ,YES, , ,YES,YES, 
abt.Resource,TrackMode,Tracking Mode,Short, ,PRResource,prTrackMode,Track Mode,Short,, ,YES, , ,YES,YES, 
abt.Resource,Type,Employment Type,Short, ,PRResource,prType,Employment Type,Short,, ,YES, , ,YES,YES, 
abt.Resource,TypeCodeID,Type Code,Long, ,PRResource,prTypeCodeID,Type Code,Long,, ,YES, , ,YES,YES, 
abt.Resource,Unit,Unit of Measure,Short, ,PRResource,prUnit,Unit,Short,, ,YES, , ,YES,YES, 
abt.Resource,UserFlag1,User Flag 1,Boolean, ,PRResource,prUserFlag1,User Flag 1,Boolean,, ,YES, , ,YES,YES, 
abt.Resource,UserFlag2,User Flag 2,Boolean, ,PRResource,prUserFlag2,User Flag 2,Boolean,, ,YES, , ,YES,YES, 
abt.Resource,UserName,User Name,Text,32,PRResource,prUserName,User Name,Text,32, ,YES, , ,YES,YES, 
abt.Resource,UserNumber1,User Number 1,Double, ,PRResource,prUserNumber1,User Number 1,Double,, ,YES, , ,YES,YES, 
abt.Resource,UserNumber2,User Number 2,Double, ,PRResource,prUserNumber2,User Number 2,Double,, ,YES, , ,YES,YES, 
abt.Resource,UserText1,User Text 1,Text,32,PRResource,prUserText1,User Text 1,Text,32, ,YES, , ,YES,YES, 
abt.Resource,UserText2,User Text 2,Text,32,PRResource,prUserText2,User Text 2,Text,32, ,YES, , ,YES,YES, 
abt.Resource,UserText3,User Text 3,Text,32,PRResource,prUserText3,User Text 3,Text,32, ,YES, , ,YES,YES, 
abt.Resource,UserText4,User Text 4,Text,32,PRResource,prUserText4,User Text 4,Text,32, ,YES, , ,YES,YES, 
abt.Site,Calendar,Calendar,Curve, ,PRSite,prCalendar,,Binary,, ,YES, , ,YES,YES, 
abt.Site,CalendarID,Calendar ID,Long, ,PRSite,prCalendarID,Calendar,Long,, ,YES, , ,YES,YES, 
abt.Site,EMailName,EMail Name,Text,64,PRSite,None,None,None, , ,YES, , ,YES,YES, 
abt.Site,EMailPassword,Email Password,Text,32,PRSite,None,None,None, , ,YES, , ,YES,YES, 
abt.Site,EMailSpec,Email Spec,Text,64,PRSite,None,None,None, , ,YES, , ,YES,YES, 
abt.Site,Guidelines,Guidelines,Text,254,PRSite,prGuidelines,Guidelines,Text,254, ,YES, , ,YES,YES, 
abt.Site,GuidelineURL,Guideline URL,Text,254,PRSite,None,None,None, , ,YES, , ,YES,YES, 
abt.Site,ID,ID,Long, ,PRSite,prID,ID,Long,, ,YES, , ,YES,YES, 
abt.Site,LocaleID,,Long, ,PRSite,None,None,None, , ,YES, , ,YES,YES, 
abt.Site,Name,Name,Text,32,PRSite,prName,Name,Text,32, ,YES, , ,YES,YES, 
abt.Site,TrackScale,Tracking Scale,Short, ,PRSite,prTrackScale,Track Scale,Short,, ,YES, , ,YES,YES, 
abt.Site,Version,Version,Long, ,PRSite,prVersion,,Long,, ,YES, , ,YES,YES, 
abt.Site,WeekStart,Start Day of Week,Short, ,PRSite,prWeekStart,Week Start,Short,, ,YES, , ,YES,YES, 
pub.Site@1830d0,ID,ID, , ,PRSite,prID,ID,Long,, , ,YES, , ,YES, 
pub.Site@1830d0,Name,Name,Text, ,PRSite,prName,Name,Text,32, , ,YES, , ,YES, 
pm.Subprojectlink,Filename,Filename,Text,254,PRSubproject,prFilename,Filename,Text,254, ,YES, , ,YES,YES,YES
pm.Subprojectlink,ID,,Long, ,PRSubproject,prID,ID,Long,, ,YES, , ,YES,YES,YES
pm.Subprojectlink,IDField,Defines the property that labels the object,Text, ,PRSubproject,None,None,None, , ,YES, , ,YES,YES,YES
pm.Subprojectlink,IncludeRes,Include Resources?,Boolean, ,PRSubproject,prIncludeRes,,Boolean,, ,YES, , ,YES,YES,YES
pm.Subprojectlink,IsIPD,Interproject Dependency?,Boolean, ,PRSubproject,prIsIPD,,Boolean,, ,YES, , ,YES,YES,YES
pm.Subprojectlink,IsLocked,Lock for Scheduling?,Boolean, ,PRSubproject,prIsLocked,,Boolean,, ,YES, , ,YES,YES,YES
pm.Subprojectlink,IsReadOnly,Read Only?,Boolean, ,PRSubproject,prIsReadOnly,,Boolean,, ,YES, , ,YES,YES,YES
pm.Subprojectlink,ProjectExtID,ProjectExtID,Text,16,PRSubproject,prProjectExtID,,Text,16, ,YES, , ,YES,YES,YES
pm.Subprojectlink,ShowDetail,Show Detail Tasks?,Boolean, ,PRSubproject,prShowDetail,,Boolean,, ,YES, , ,YES,YES,YES
pm.Subprojectlink,SubProjectType,SubProjectType,Short, ,PRSubproject,None,None,None, , ,YES, , ,YES,YES,YES
pm.Subprojectlink,Summarize,Summarize Resources?,Boolean, ,PRSubproject,prSummarize,,Boolean,, ,YES, , ,YES,YES,YES
pm.Subprojectlink,TaskExtID,,Text,16,PRSubproject,prTaskExtID,,Text,16, ,YES, , ,YES,YES,YES
pm.Subprojectlink,TaskID,Task ID,Long, ,PRSubproject,prTaskID,Task,Long,, ,YES, , ,YES,YES,YES
pm.Task,ActCurve,Actual Usage,Curve, ,PRTask,None,None,None, , , , , ,YES,YES,YES
pm.Task,ActualPctSpent,Actual % Spent,Double, ,PRTask,None,None,None, , , , , ,YES,YES,YES
pm.Task,ACWP,ACWP,Double, ,PRTask,None,None,None, , , , , ,YES,YES,YES
pm.Task,AV,AV,Double, ,PRTask,None,None,None, , , , , ,YES,YES,YES
pm.Task,BAC,BAC,Double, ,PRTask,None,None,None, , , , , ,YES,YES,YES
pm.Task,BaseCurve,Baseline Usage,Curve, ,PRTask,None,None,None, , , , , ,YES,YES,YES
pm.Task,BaseDuration,Baseline Duration,Double, ,PRTask,prBaseDuration,Base Duration,Double,, , , , ,YES,YES,YES
pm.Task,BaseFinish,Baseline Finish,Date, ,PRTask,prBaseFinish,Base Finish,Time,, , , , ,YES,YES,YES
pm.Task,BaseIsFixed,Baseline Fixed Duration?,Boolean, ,PRTask,prBaseIsFixed,Base Fixed,Boolean,, , , , ,YES,YES,YES
pm.Task,Baselined,Baselined?,Boolean, ,PRTask,None,None,None, , , , , ,YES,YES,YES
pm.Task,BaseStart,Baseline Start,Date, ,PRTask,prBaseStart,Base Start,Time,, , , , ,YES,YES,YES
pm.Task,BaseTime,Baseline Time,Date, ,PRTask,prBaseTime,Base Time,Time,, , , , ,YES,YES,YES
pm.Task,BaseWorkSum,,Double, ,PRTask,None,None,None, , , , , ,YES,YES,YES
pm.Task,BCWP,BCWP,Double, ,PRTask,None,None,None, , , , , ,YES,YES,YES
pm.Task,BCWS,BCWS,Double, ,PRTask,None,None,None, , , , , ,YES,YES,YES
pm.Task,Calendar,,Curve, ,PRTask,prCalendar,,Binary,, , , , ,YES,YES,YES
pm.Task,Category,Category,Text,32,PRTask,prCategory,Category,Text,32, , , , ,YES,YES,YES
pm.Task,CPI,CPI,Double, ,PRTask,None,None,None, , , , , ,YES,YES,YES
pm.Task,CriticallyLate,Critically Late?,Boolean, ,PRTask,None,None,None, , , , , ,YES,YES,YES
pm.Task,CV,CV,Double, ,PRTask,None,None,None, , , , , ,YES,YES,YES
pm.Task,CVI,CVI,Double, ,PRTask,None,None,None, , , , , ,YES,YES,YES
pm.Task,Deliverable,Deliverable,Text,32,PRTask,prDeliverable,Deliverable,Text,32, , , , ,YES,YES,YES
pm.Task,Duration,Duration,Double, ,PRTask,prDuration,Duration,Double,, , , , ,YES,YES,YES
pm.Task,DurationVariance,Duration Variance,Double, ,PRTask,None,None,None, , , , , ,YES,YES,YES
pm.Task,EAC,EAC,Double, ,PRTask,None,None,None, , , , , ,YES,YES,YES
pm.Task,EACCurve,Total Usage,Curve, ,PRTask,None,None,None, , , , , ,YES,YES,YES
pm.Task,EarlyFinish,Early End,Date, ,PRTask,prEarlyFinish,Early Finish,Time,, , , , ,YES,YES,YES
pm.Task,EarlyStart,Early Start,Date, ,PRTask,prEarlyStart,Early Start,Time,, , , , ,YES,YES,YES
pm.Task,EndVariance,End Variance,Double, ,PRTask,None,None,None, , , , , ,YES,YES,YES
pm.Task,EndVsLateEnd,End vs. Late End,Double, ,PRTask,None,None,None, , , , , ,YES,YES,YES
pm.Task,EstCurve,Estimate to Complete,Curve, ,PRTask,None,None,None, , , , , ,YES,YES,YES
pm.Task,EstInActualsPeriod,Estimate in Actuals Period,Double, ,PRTask,None,None,None, , , , , ,YES,YES,YES
pm.Task,ExternalID,ID,Text,16,PRTask,prExternalID,External ID,Text,16, , , , ,YES,YES,YES
pm.Task,Finish,End,Date, ,PRTask,prFinish,Finish,Time,, , , , ,YES,YES,YES
pm.Task,Guidelines,Guidelines,Text,254,PRTask,prGuidelines,Guidelines,Text,254, , , , ,YES,YES,YES
pm.Task,GuidelineURL,Guideline URL,Text,254,PRTask,None,None,None, , , , , ,YES,YES,YES
pm.Task,ID,,Long, ,PRTask,prID,ID,Long,, , , , ,YES,YES,YES
pm.Task,IDField,Defines the property that labels the object,Text, ,PRTask,None,None,None, , , , , ,YES,YES,YES
pm.Task,InterprojectDependencies,Interproject Dependencies?,Boolean, ,PRTask,None,None,None, , , , , ,YES,YES,YES
pm.Task,IsCritical,Critical Path?,Boolean, ,PRTask,prIsCritical,Critical,Boolean,, , , , ,YES,YES,YES
pm.Task,IsExternal,External?,Boolean, ,PRTask,None,None,None, , , , , ,YES,YES,YES
pm.Task,IsFixed,Fixed Duration?,Boolean, ,PRTask,prIsFixed,Fixed,Boolean,, , , , ,YES,YES,YES
pm.Task,IsKey,Key Task?,Boolean, ,PRTask,prIsKey,Key,Boolean,, , , , ,YES,YES,YES
pm.Task,IsLocked,Locked?,Boolean, ,PRTask,prIsLocked,Locked,Boolean,, , , , ,YES,YES,YES
pm.Task,IsMilestone,Milestone?,Boolean, ,PRTask,prIsMilestone,Milestone,Boolean,, , , , ,YES,YES,YES
pm.Task,IsPendActSumSet,Pending Actuals?,Boolean, ,PRTask,None,None,None, , , , , ,YES,YES,YES
pm.Task,IsPendEstSumSet,Pending Estimate?,Boolean, ,PRTask,None,None,None, , , , , ,YES,YES,YES
pm.Task,IsPrioritySet,Priority?,Boolean, ,PRTask,None,None,None, , , , , ,YES,YES,YES
pm.Task,IsTask,Detail Task?,Boolean, ,PRTask,prIsTask,Is Task,Boolean,, , , , ,YES,YES,YES
pm.Task,IsUnplanned,Unplanned?,Boolean, ,PRTask,prIsUnplanned,Unplanned,Boolean,, , , , ,YES,YES,YES
pm.Task,LateFinish,Late End,Date, ,PRTask,prLateFinish,Late Finish,Time,, , , , ,YES,YES,YES
pm.Task,LateStart,Late Start,Date, ,PRTask,prLateStart,Late Start,Time,, , , , ,YES,YES,YES
pm.Task,MaxActualsThru,Latest Actuals Thru,Date, ,PRTask,None,None,None, , , , , ,YES,YES,YES
pm.Task,MethodExtID,Method Ext ID,Text,16,PRTask,prMethodExtID,Method External ID,Text,16, , , , ,YES,YES,YES
pm.Task,MinActualsThru,Earliest Actuals Thru,Date, ,PRTask,None,None,None, , , , , ,YES,YES,YES
pm.Task,ModTime,ModTime,Date, ,PRTask,prModTime,Modification Time,Time,, , , , ,YES,YES,YES
pm.Task,Name,Name,Text,64,PRTask,prName,Name,Text,64, , , , ,YES,YES,YES
pm.Task,NewEACSum,New Total Usage,Double, ,PRTask,None,None,None, , , , , ,YES,YES,YES
pm.Task,Overcommitted,Overcommitted?,Boolean, ,PRTask,None,None,None, , , , , ,YES,YES,YES
pm.Task,PctComplete,Percent Complete ,Double, ,PRTask,prPctComplete,Percent Complete,Double,, , , , ,YES,YES,YES
pm.Task,PctExpended,Percent Expended,Double, ,PRTask,prPctExpended,Percent Expended,Double,, , , , ,YES,YES,YES
pm.Task,PendActSum,Pending Actuals,Double, ,PRTask,None,None,None, , , , , ,YES,YES,YES
pm.Task,PendEstSum,Pending Estimate,Double, ,PRTask,None,None,None, , , , , ,YES,YES,YES
pm.Task,PendingVariance,Pending Variance,Double, ,PRTask,None,None,None, , , , , ,YES,YES,YES
pm.Task,PerformancePctComplete,Perform % Complete,Double, ,PRTask,None,None,None, , , , , ,YES,YES,YES
pm.Task,Priority,Priority,Short, ,PRTask,prPriority,Priority,Short,, , , , ,YES,YES,YES
pm.Task,ProjectID,Project ID,Long, ,PRTask,prProjectID,Project ID,Long,, , , , ,YES,YES,YES
pm.Task,SchedulePctComplete,Schedule % Complete,Double, ,PRTask,None,None,None, , , , , ,YES,YES,YES
pm.Task,ShortName,Short Name,Text,16,PRTask,prShortName,Short Name,Text,16, , , , ,YES,YES,YES
pm.Task,SPI,SPI,Double, ,PRTask,None,None,None, , , , , ,YES,YES,YES
pm.Task,Start,Start,Date, ,PRTask,prStart,Start,Time,, , , , ,YES,YES,YES
pm.Task,StartVariance,Start Variance,Double, ,PRTask,None,None,None, , , , , ,YES,YES,YES
pm.Task,Status,Status,Short, ,PRTask,prStatus,Status,Short,, , , , ,YES,YES,YES
pm.Task,SV,SV,Double, ,PRTask,None,None,None, , , , , ,YES,YES,YES
pm.Task,SVI,SVI,Double, ,PRTask,None,None,None, , , , , ,YES,YES,YES
pm.Task,TotalFloat,Float,Double, ,PRTask,prTotalFloat,Float,Double,, , , , ,YES,YES,YES
pm.Task,VAC,VAC,Double, ,PRTask,None,None,None, , , , , ,YES,YES,YES
pm.Task,VarianceCurve,Usage Variance,Curve, ,PRTask,None,None,None, , , , , ,YES,YES,YES
pm.Task,WBSLevel,,Short, ,PRTask,prWBSLevel,WBS Level,Short,, , , , ,YES,YES,YES
pm.Task,WBSType,Type,Short, ,PRTask,None,None,None, , , , , ,YES,YES,YES
pm.Task,WDM,Percent,Double, ,PRTask,prWDM,WDM,Double,, , , , ,YES,YES,YES
mm.Task,Category,Category,Text,32,MRTask,prCategory,Category,Text,32, ,YES, , , ,YES,YES
mm.Task,Duration,Duration,Double, ,MRTask,prDuration,Duration,Double,, ,YES, , , ,YES,YES
mm.Task,ExternalID,ID,Text,16,MRTask,prExternalID,External ID,Text,16, ,YES, , , ,YES,YES
mm.Task,Guidelines,Guidelines,Text,254,MRTask,prGuidelines,Guidelines,Text,254, ,YES, , , ,YES,YES
mm.Task,GuidelineURL,Guideline URL,Text,254,MRTask,None,None,None, , ,YES, , , ,YES,YES
mm.Task,ID,ID,Long, ,MRTask,prID,ID,Long,, ,YES, , , ,YES,YES
mm.Task,IsFixed,Fixed Duration?,Boolean, ,MRTask,prIsFixed,Fixed,Boolean,, ,YES, , , ,YES,YES
mm.Task,IsKey,Key Task?,Boolean, ,MRTask,None,None,None, , ,YES, , , ,YES,YES
mm.Task,IsMilestone,Milestone?,Boolean, ,MRTask,prIsMilestone,Milestone,Boolean,, ,YES, , , ,YES,YES
mm.Task,IsTask,Deatil Task?,Boolean, ,MRTask,prIsTask,Is Task,Boolean,, ,YES, , , ,YES,YES
mm.Task,MethodID,Method ID,Long, ,MRTask,prMethodID,Method ID,Long,, ,YES, , , ,YES,YES
mm.Task,Name,Name,Text,64,MRTask,prName,Name,Text,64, ,YES, , , ,YES,YES
mm.Task,ShortName,Short Name,Text,16,MRTask,prShortName,Short Name,Text,16, ,YES, , , ,YES,YES
mm.Task,WBSLevel,WBS Level,Short, ,MRTask,prWBSLevel,WBS Level,Short,, ,YES, , , ,YES,YES
mm.Task,WBSSequence,WBS Sequence,Short, ,MRTask,prWBSSequence,WBS Sequence,Short,, ,YES, , , ,YES,YES
mm.Task,WDM,Percent,Double, ,MRTask,prWDM,WDM,Double,, ,YES, , , ,YES,YES
pub.ViewTask@183723,ActCurve,Actuals Curve,UnKnown, ,PRTask,None,None,None, , , ,YES, , ,YES, 
pub.ViewTask@183723,BaseCurve,Base Curve,UnKnown, ,PRTask,None,None,None, , , ,YES, , ,YES, 
pub.ViewTask@183723,BaseFinish,Base Finish,Date, ,PRTask,prBaseFinish,Base Finish,Time,, , ,YES, , ,YES, 
pub.ViewTask@183723,BaseStart,Base Start,Date, ,PRTask,prBaseStart,Base Start,Time,, , ,YES, , ,YES, 
pub.ViewTask@183723,Category,Category,Text, ,PRTask,prCategory,Category,Text,32, , ,YES, , ,YES, 
pub.ViewTask@183723,Duration,Duration, , ,PRTask,prDuration,Duration,Double,, , ,YES, , ,YES, 
pub.ViewTask@183723,EACCurve,EAC Curve,UnKnown, ,PRTask,None,None,None, , , ,YES, , ,YES, 
pub.ViewTask@183723,EarlyFinish,Early Finish,Date, ,PRTask,prEarlyFinish,Early Finish,Time,, , ,YES, , ,YES, 
pub.ViewTask@183723,EarlyStart,Early Start,Date, ,PRTask,prEarlyStart,Early Start,Time,, , ,YES, , ,YES, 
pub.ViewTask@183723,EstCurve,Estimates Curve,UnKnown, ,PRTask,None,None,None, , , ,YES, , ,YES, 
pub.ViewTask@183723,ExternalID,External ID,Text, ,PRTask,prExternalID,External ID,Text,16, , ,YES, , ,YES, 
pub.ViewTask@183723,Finish,Finish,Date, ,PRTask,prFinish,Finish,Time,, , ,YES, , ,YES, 
pub.ViewTask@183723,FirstChild,First Child,UnKnown, ,PRTask,None,None,None, , , ,YES, , ,YES, 
pub.ViewTask@183723,ID,ID, , ,PRTask,prID,ID,Long,, , ,YES, , ,YES, 
pub.ViewTask@183723,IsCritical,Is Critical,Boolean, ,PRTask,prIsCritical,Critical,Boolean,, , ,YES, , ,YES, 
pub.ViewTask@183723,IsKey,Is Key,Boolean, ,PRTask,prIsKey,Key,Boolean,, , ,YES, , ,YES, 
pub.ViewTask@183723,IsMileStone,IsMileStone,Boolean, ,PRTask,None,None,None, , , ,YES, , ,YES, 
pub.ViewTask@183723,IsTask,IsTask,Boolean, ,PRTask,prIsTask,Is Task,Boolean,, , ,YES, , ,YES, 
pub.ViewTask@183723,LastChild,Last Child,UnKnown, ,PRTask,None,None,None, , , ,YES, , ,YES, 
pub.ViewTask@183723,LateFinish,Late Finish,Date, ,PRTask,prLateFinish,Late Finish,Time,, , ,YES, , ,YES, 
pub.ViewTask@183723,LateStart,Late Start,Date, ,PRTask,prLateStart,Late Start,Time,, , ,YES, , ,YES, 
pub.ViewTask@183723,MethodExtID,Method External ID,Text, ,PRTask,prMethodExtID,Method External ID,Text,16, , ,YES, , ,YES, 
pub.ViewTask@183723,Name,Name,Text, ,PRTask,prName,Name,Text,64, , ,YES, , ,YES, 
pub.ViewTask@183723,NextSibling,Next Sibling,UnKnown, ,PRTask,None,None,None, , , ,YES, , ,YES, 
pub.ViewTask@183723,Parent,Parent,UnKnown, ,PRTask,None,None,None, , , ,YES, , ,YES, 
pub.ViewTask@183723,PctComplete,Percent Complete,Double, ,PRTask,prPctComplete,Percent Complete,Double,, , ,YES, , ,YES, 
pub.ViewTask@183723,PctExpended,Percent Expended,Double, ,PRTask,prPctExpended,Percent Expended,Double,, , ,YES, , ,YES, 
pub.ViewTask@183723,PrevSibling,Previous Sibling,UnKnown, ,PRTask,None,None,None, , , ,YES, , ,YES, 
pub.ViewTask@183723,Priority,Priority, , ,PRTask,prPriority,Priority,Short,, , ,YES, , ,YES, 
pub.ViewTask@183723,ResourceList,Resource List,Text, ,PRTask,None,None,None, , , ,YES, , ,YES, 
pub.ViewTask@183723,ShortName,Short Name,Text, ,PRTask,prShortName,Short Name,Text,16, , ,YES, , ,YES, 
pub.ViewTask@183723,Start,Start,Date, ,PRTask,prStart,Start,Time,, , ,YES, , ,YES, 
pub.ViewTask@183723,Status,Status, , ,PRTask,prStatus,Status,Short,, , ,YES, , ,YES, 
pub.ViewTask@183723,TotalFloat,Total Float,Double, ,PRTask,prTotalFloat,Float,Double,, , ,YES, , ,YES, 
pub.ViewTask@183723,VarianceCurve,Variance Curve,UnKnown, ,PRTask,None,None,None, , , ,YES, , ,YES, 
pub.ViewTask@183723,WBSLevel,WBS Level, , ,PRTask,prWBSLevel,WBS Level,Short,, , ,YES, , ,YES, 
pub.ViewTask@183723,WBSSequence,WBS Sequence, , ,PRTask,prWBSSequence,WBS Sequence,Short,, , ,YES, , ,YES, 
pm.Team,ActCurve,Actual Usage,Curve, ,PRTeam,None,None,None, , ,YES, , ,YES,YES,YES
pm.Team,AllocCurve,,Curve, ,PRTeam,prAllocCurve,,Binary,, ,YES, , ,YES,YES,YES
pm.Team,AllocDefault,AllocDefault,Double, ,PRTeam,prAllocDefault,Default Allocation,Double,, ,YES, , ,YES,YES,YES
pm.Team,Availability,Project Availability,Curve, ,PRTeam,None,None,None, , ,YES, , ,YES,YES,YES
pm.Team,AvailFinish,Resource End,Date, ,PRTeam,prAvailFinish,Avail Finish,Time,, ,YES, , ,YES,YES,YES
pm.Team,AvailStart,Resource Start,Date, ,PRTeam,prAvailStart,Avail Start,Time,, ,YES, , ,YES,YES,YES
pm.Team,BaseCurve,Baseline Usage,Curve, ,PRTeam,None,None,None, , ,YES, , ,YES,YES,YES
pm.Team,Calendar,,Curve, ,PRTeam,None,None,None, , ,YES, , ,YES,YES,YES
pm.Team,EACCurve,Total Usage,Curve, ,PRTeam,None,None,None, , ,YES, , ,YES,YES,YES
pm.Team,EachAvail,Each Available,Curve, ,PRTeam,None,None,None, , ,YES, , ,YES,YES,YES
pm.Team,EstCurve,Estimate to Complete,Curve, ,PRTeam,None,None,None, , ,YES, , ,YES,YES,YES
pm.Team,ID,,Long, ,PRTeam,prID,ID,Long,, ,YES, , ,YES,YES,YES
pm.Team,IDField,Defines the property that labels the object,Text, ,PRTeam,None,None,None, , ,YES, , ,YES,YES,YES
pm.Team,IsOpen,Open for Time Capture?,Boolean, ,PRTeam,prIsOpen,Open,Boolean,, ,YES, , ,YES,YES,YES
pm.Team,ProjectID,Project ID,Long, ,PRTeam,prProjectID,Project,Long,, ,YES, , ,YES,YES,YES
pm.Team,ResourceID,,Long, ,PRTeam,prResourceID,Resource,Long,, ,YES, , ,YES,YES,YES
pm.Team,UnusedAvailability,Unused Availability,Curve, ,PRTeam,None,None,None, , ,YES, , ,YES,YES,YES
pm.Team,VariableAvail,Variable Availability?,Boolean, ,PRTeam,None,None,None, , ,YES, , ,YES,YES,YES
pm.Team,VarianceCurve,Usage Variance,Curve, ,PRTeam,None,None,None, , ,YES, , ,YES,YES,YES
abt.TimePeriod,Finish,Finish,Date, ,PRTimePeriod,prFinish,Finish,Time,, , , , ,YES,YES, 
abt.TimePeriod,ID,ID,Long, ,PRTimePeriod,prID,ID,Long,, , , , ,YES,YES, 
abt.TimePeriod,IsOpen,Open for Time Capture?,Boolean, ,PRTimePeriod,prIsOpen,Open,Boolean,, , , , ,YES,YES, 
abt.TimePeriod,Name,Name,Text, ,PRTimePeriod,prName,Name,Text,32, , , , ,YES,YES, 
abt.TimePeriod,PostedBy,Posted By,Text,32,PRTimePeriod,prPostedBy,Posted By,Text,32, , , , ,YES,YES, 
abt.TimePeriod,PostedTime,Posted Time,Date, ,PRTimePeriod,prPostedTime,Posted Time,Time,, , , , ,YES,YES, 
abt.TimePeriod,Start,Start,Date, ,PRTimePeriod,prStart,Start,Time,, , , , ,YES,YES, 
team.TypeCode,ExternalID,ExternalID,Text, ,PRTypeCode,prExternalID,External ID,Text,16, , , ,YES, ,YES, 
team.TypeCode,ID,ID, , ,PRTypeCode,prID,ID,Long,, , , ,YES, ,YES, 
team.TypeCode,InternalID,InternalID,Text, ,PRTypeCode,None,None,None, , , , ,YES, ,YES, 
team.TypeCode,Name,Name,Text, ,PRTypeCode,prName,Name,Text,32, , , ,YES, ,YES, 
