OBJECT NAME:,READ:,WRITE:
abt.AdjRule,YES,YES
abt.AggregateField,YES,YES
abt.Calendar,YES, 
abt.ChargeCode,YES, 
abt.CustomEnum,YES,YES
abt.CustomField,YES,YES
abt.EstModel,YES,YES
abt.Note,YES,YES
abt.Resource,YES,YES
abt.Site,YES, 
abt.TypeCode,YES, 
mm.Assignment,YES,YES
mm.Deliverable,YES,YES
mm.Dependency,YES,YES
mm.Method,YES,YES
mm.Package,YES,YES
mm.Page,YES,YES
mm.PageMember,YES,YES
mm.Task,YES,YES
mm.TaskEstimate,YES,YES
pm.Project,YES,YES
pm.Subprojectlink,YES,YES
pm.Team,YES,YES
