OBJECT NAME:,PROPERTY NAME:,CAPTION:,FIELD TYPE:,FIELD LENGTH:,REPOSITORY TABLE NAME:,REPO FIELD NAME:,REPO FIELD TYPE:,REPO FIELD LENGTH:,CONNECT:,PLANNER:,PUBLISHER:,TEAM:,WORKBENCH:,READ:,WRITE:
pm.Assignment,ActCurve,Actual Usage,Curve, ,PRAssignment,prActCurve,Binary, , , , , ,YES,YES,YES
team.Assignment,ActThru,ActThru,Curve, ,PRAssignment,prActThru,Time, ,YES, , ,YES, ,YES,YES
team.ChargeCode,ExternalID,ExternalID,Text, ,PRChargeCode,prExternalID,Text,16,YES, , ,YES, ,YES, 
pm.Constraint,ID,,Long, ,PRConstraint,prID,Long, , , , , ,YES,YES,YES
pm.Custfieldvalue,FieldName,Field Name,Text,16,PRCustFieldValue,prFieldName,Text,16, , , , ,YES,YES,YES
pm.Deliverable,Category,Category,Text,32,PRDeliverable,prCategory,Text,32, , , , ,YES,YES,YES
pm.Dependency,Amount,Lag,Double, ,PRDependency,prAmount,Double, , , , , ,YES,YES,YES
pm.Taskestimate,EstModelID,Estimate Model ID,Long, ,PREstimate,None,None, , , , , ,YES,YES,YES
team.Note,Category,Category,Text, ,PRNote,prCategory,Text,32,YES, , ,YES, ,YES,YES
team.Project,ExternalID,ExternalID,Text, ,PRProject,prExternalID,Text,16,YES, , ,YES, ,YES,YES
team.Resource,Availability,Availability,Curve, ,PRResource,None,None, ,YES, , ,YES, ,YES, 
team.Site,Guidelines,Guidelines,Text, ,PRSite,prGuidelines,Text,254,YES, , ,YES, ,YES, 
pm.Task,ActCurve,Actual Usage,Curve, ,PRTask,None,None, , , , , ,YES,YES,YES
team.Site,Guidelines,Guidelines,Text, ,PRSite,prGuidelines,Text,254,YES, , ,YES, ,YES,YES
team.Task,Created,Created,Boolean, ,PRTask,None,None, ,YES, , ,YES, ,YES,YES
abt.TimePeriod,Finish,Finish,Date, ,PRTimePeriod,prFinish,Time, , , , , ,YES,YES, 
team.TypeCode,ExternalID,ExternalID,Text, ,PRTypeCode,prExternalID,Text,16, , , ,YES, ,YES, 
abt.AggregateField,ID,ID,Long, ,MRAggregateField,prID,Long, , ,YES, , , ,YES,YES
abt.AdjRule,ID,ID,Long, ,MRAdjRule,prID,Long, , ,YES, , , ,YES,YES
mm.Assignment,ID,ID,Long, ,MRAssignment,prID,Long, , ,YES, , , ,YES,YES
abt.Calendar,BaseCalendarID,,Long, ,PRCalendar,prBaseCalendarID,Long, , ,YES, , ,YES,YES, 
abt.ChargeCode,ExternalID,ID,Text,16,PRChargeCode,prExternalID,Text,16, ,YES, , ,YES,YES, 
abt.CustomEnum,Caption,Caption,Text,64,MRCustomEnum,prCaption,Text,64, ,YES, , , ,YES,YES
abt.CustomField,Caption,Caption,Text,254,MRCustomField,prCaption,Text,254, ,YES, , , ,YES,YES
mm.Deliverable,Category,Category,Text,32,MRDeliverable,prCategory,Text,32, ,YES, , , ,YES,YES
mm.Dependency,Amount,Lag,Double, ,MRDependency,prAmount,Double, , ,YES, , , ,YES,YES
mm.TaskEstimate,EstModelID,Est Model ID,Long, ,MREstimate,None,None, , ,YES, , , ,YES,YES
abt.EstModel,ID,ID,Long, ,MREstModel,prID,Long, , ,YES, , , ,YES,YES
abt.Note,Category,Category,Text,32,PRNote,prCategory,Text,32, ,YES, , ,YES,YES,YES
mm.Method,DeliverableExtIDArray,DeliverableExtIDArray,Array, ,MRMethod,None,None, , ,YES, , , ,YES,YES
mm.Package,Category,Category,Text,32,MRPackage,prCategory,Text,32, ,YES, , , ,YES,YES
mm.Page,Guidelines,Guidelines,Text,254,MRPage,prGuidelines,Text,254, ,YES, , , ,YES,YES
mm.PageMember,FieldID,Field ID,Long, ,MRPageContent,prFieldID,Long, , ,YES, , , ,YES,YES
pm.Project,ActCurve,Actual Usage,Curve, ,PRProject,None,None, , ,YES, , ,YES,YES,YES
abt.Resource,AvailDefault,Default Availability,Double, ,PRResource,None,None, , ,YES, , ,YES,YES,YES
abt.Site,Calendar,Calendar,Curve, ,PRSite,None,None, , ,YES, , ,YES,YES, 
pm.Subprojectlink,Filename,Filename,Text,254,PRSubproject,prFilename,Text,254, ,YES, , ,YES,YES,YES
mm.Task,Category,Category,Text,32,MRTask,prCategory,Text,32, ,YES, , , ,YES,YES
pm.Team,ActCurve,Actual Usage,Curve, ,PRTeam,None,None, , ,YES, , ,YES,YES,YES
abt.TypeCode,ExternalID,ID,Text,16,PRTypeCode,prExternalID,Text,16, ,YES, , ,YES,YES, 
