OBJECT NAME:,PROPERTY NAME:,CAPTION:,FIELD TYPE:,LENGTH:,VIRTUAL:,VISIBLE:,UPDATEABLE:,HIDDEN:,EDITABLE:,TRANSIENT:
AggregateField,ABTDeleted,ABTDeleted,Boolean,0,false,true,true,false,false,false
AggregateField,ABTHashChanged,ABTHashChanged,Boolean,0,false,true,true,false,false,false
AggregateField,ABTRemoteID,ABTRemoteID,Sanani ID,0,false,true,true,false,true,false
AggregateField,ID,ID,Long,0,false,true,true,false,true,false
AggregateField,SourceField,Source Field,Object Reference,0,false,true,true,false,true,false
AggregateField,SourceFieldID,Source Field ID,Long,0,false,true,true,false,true,false
AggregateField,TargetField,Target Field,Object Reference,0,false,true,true,false,true,false
AggregateField,TargetFieldID,Target Field ID,Long,0,false,true,true,false,true,false
AggregateField,Weight,Weight,Short,0,false,true,true,false,true,false
AdjRule,ABTDeleted,ABTDeleted,Boolean,0,false,true,true,false,false,false
AdjRule,ABTHashChanged,ABTHashChanged,Boolean,0,false,true,true,false,false,false
AdjRule,ABTRemoteID,ABTRemoteID,Sanani ID,0,false,true,true,false,true,false
AdjRule,ID,ID,Long,0,false,true,true,false,true,false
AdjRule,Name,Name,Text,32,false,true,true,false,true,false
AdjRule,Site,Site,Object Reference,0,false,true,true,false,true,false
AdjRule,Value,Value,Text,0,false,true,true,false,true,false
Assignment,ABTDeleted,ABTDeleted,Boolean,0,false,true,true,false,false,false
Assignment,ABTHashChanged,ABTHashChanged,Boolean,0,false,true,true,false,false,false
Assignment,ABTRemoteID,ABTRemoteID,Sanani ID,0,false,true,true,false,true,false
Assignment,ActCurve,Actual Usage,Curve,0,false,true,true,false,true,false
Assignment,ActThru,Actuals Thru Date,Date,0,false,true,true,false,true,false
Assignment,BaseCurve,Baseline Usage,Curve,0,false,true,true,false,false,false
Assignment,BaseMax,Baeline Max % Load,Double,0,false,true,true,false,false,false
Assignment,BasePattern,Baseline Loading Pattern,Short,0,false,true,true,false,false,false
Assignment,Calendar,,Curve,0,true,true,true,false,true,false
Assignment,EACCurve,Total Usage,Curve,0,true,true,false,false,false,true
Assignment,EstCurve,Estimate to Complete,Curve,0,false,true,true,false,true,false
Assignment,EstInActualsPeriod,Estimate in Actuals Period,Double,0,true,true,false,false,false,true
Assignment,EstMax,Max % Load,Double,0,false,true,true,false,true,false
Assignment,EstPattern,Loading Pattern,Short,0,false,true,true,false,true,false
Assignment,Finish,End,Date,0,false,true,true,false,true,false
Assignment,ID,,Long,0,false,true,true,false,true,false
Assignment,IDField,Defines the property that labels the object,Text,0,false,true,true,false,true,false
Assignment,IsPendActSumSet,Pending Actuals?,Boolean,0,true,true,false,false,false,false
Assignment,IsPendEstSumSet,Pending Estimate?,Boolean,0,true,true,false,false,false,false
Assignment,IsUnplanned,Unplanned?,Boolean,0,false,true,true,false,true,false
Assignment,NewEACSum,New Total Usage,Double,0,true,true,false,false,false,false
Assignment,Notes,Notes,Object Set Reference,0,false,true,true,false,true,false
Assignment,PendActSum,Pending Actuals,Double,0,false,true,true,false,true,false
Assignment,PendEstSum,Pending Estimate,Double,0,false,true,true,false,true,false
Assignment,PendingVariance,Pending Variance,Double,0,true,true,false,false,false,false
Assignment,Project,Project,Object Reference,0,false,true,true,false,true,false
Assignment,Resource,Resource Reference,Object Reference,0,true,true,false,false,false,false
Assignment,ResourceID,,Long,0,false,true,true,false,true,false
Assignment,Start,Start,Date,0,false,true,false,false,true,false
Assignment,Status,Status,Short,0,false,true,true,false,true,false
Assignment,TaskID,Task ID,Long,0,false,true,true,false,true,false
Assignment,TaskMilestone,Task Milestone?,Boolean,0,false,true,false,false,false,false
Assignment,TaskObject,TaskObject,Object Reference,0,false,true,true,false,true,false
Assignment,Team,Team,Object Reference,0,false,true,true,false,true,false
Assignment,VarianceCurve,Usage Variance,Curve,0,true,true,false,false,false,true
Assignment,WDM,WDM,Double,0,false,true,true,false,true,false
Assignment,ABTDeleted,ABTDeleted,Boolean,0,false,true,true,false,false,false
Assignment,ABTHashChanged,ABTHashChanged,Boolean,0,false,true,true,false,false,false
Assignment,ABTRemoteID,ABTRemoteID,Sanani ID,0,false,true,true,false,true,false
Assignment,ID,ID,Long,0,false,true,true,false,true,false
Assignment,Method,Method,Object Reference,0,false,true,true,false,true,false
Assignment,Resource,Resource,Object Reference,0,false,true,true,false,true,false
Assignment,ResourceID,Resource ID,Long,0,false,true,true,false,true,false
Assignment,TaskID,Task ID,Long,0,false,true,true,false,true,false
Assignment,TaskObject,Task,Object Reference,0,false,true,true,false,true,false
Assignment,WDM,WDM,Double,0,false,true,true,false,true,false
Calendar,ABTDeleted,ABTDeleted,Boolean,0,false,true,true,false,false,false
Calendar,ABTHashChanged,ABTHashChanged,Boolean,0,false,true,true,false,false,false
Calendar,ABTRemoteID,ABTRemoteID,Sanani ID,0,false,true,true,false,true,false
Calendar,BaseCalendar,Base Calendar,Object Reference,0,false,true,true,false,true,false
Calendar,BaseCalendarID,,Long,0,false,true,true,false,true,false
Calendar,ID,ID,Long,0,false,true,true,false,true,false
Calendar,Name,Name,Text,32,false,true,true,false,true,false
Calendar,ResourceID,,Long,0,false,true,true,false,true,false
Calendar,Site,Site,Object Reference,0,false,true,true,false,true,false
Calendar,Value,Value,Curve,0,false,true,true,false,true,false
ChargeCode,ABTDeleted,ABTDeleted,Boolean,0,false,true,true,false,false,false
ChargeCode,ABTHashChanged,ABTHashChanged,Boolean,0,false,true,true,false,false,false
ChargeCode,ABTRemoteID,ABTRemoteID,Sanani ID,0,false,true,true,false,true,false
ChargeCode,ExternalID,ID,Text,16,false,true,true,false,true,false
ChargeCode,ID,ID,Long,0,false,true,true,false,true,false
ChargeCode,IsOpen,Open for Time Capture?,Boolean,0,false,true,true,false,true,false
ChargeCode,Name,Name,Text,32,false,true,true,false,true,false
ChargeCode,Site,Site,Object Reference,0,false,true,true,false,true,false
Constraint,ABTDeleted,ABTDeleted,Boolean,0,false,true,true,false,false,false
Constraint,ABTHashChanged,ABTHashChanged,Boolean,0,false,true,true,false,false,false
Constraint,ABTRemoteID,ABTRemoteID,Sanani ID,0,false,true,true,false,true,false
Constraint,ID,,Long,0,false,true,true,false,true,false
Constraint,IDField,Defines the property that labels the object,Text,0,false,true,true,false,true,false
Constraint,TaskID,Task ID,Long,0,false,true,true,false,true,false
Constraint,TaskObject,TaskObject,Object Reference,0,false,true,true,false,true,false
Constraint,Time,Constraint Date,Date,0,false,true,true,false,true,false
Constraint,Type,Constraint Type,Short,0,false,true,true,false,true,false
CustomEnum,ABTDeleted,ABTDeleted,Boolean,0,false,true,true,false,false,false
CustomEnum,ABTHashChanged,ABTHashChanged,Boolean,0,false,true,true,false,false,false
CustomEnum,ABTRemoteID,ABTRemoteID,Sanani ID,0,false,true,true,false,true,false
CustomEnum,Caption,Caption,Text,64,false,true,true,false,true,false
CustomEnum,CustomField,Custom Field,Object Reference,0,false,true,true,false,true,false
CustomEnum,FieldID,Field ID,Long,0,false,true,true,false,true,false
CustomEnum,ID,ID,Long,0,false,true,true,false,true,false
CustomEnum,Value,Value,Short,0,false,true,true,false,true,false
Custfieldvalue,ABTDeleted,ABTDeleted,Boolean,0,false,true,true,false,false,false
Custfieldvalue,ABTHashChanged,ABTHashChanged,Boolean,0,false,true,true,false,false,false
Custfieldvalue,ABTRemoteID,ABTRemoteID,Sanani ID,0,false,true,true,false,true,false
Custfieldvalue,FieldName,Field Name,Text,16,false,true,true,false,true,false
Custfieldvalue,ID,,Long,0,false,true,true,false,true,false
Custfieldvalue,IDField,Defines the property that labels the object,Text,0,false,true,true,false,true,false
Custfieldvalue,RecordID,Record ID,Long,0,false,true,true,false,true,false
Custfieldvalue,TableName,Table Name,Text,16,false,true,true,false,true,false
Custfieldvalue,Value,Value,Text,64,false,true,true,false,true,false
CustomField,ABTDeleted,ABTDeleted,Boolean,0,false,true,true,false,false,false
CustomField,ABTHashChanged,ABTHashChanged,Boolean,0,false,true,true,false,false,false
CustomField,ABTRemoteID,ABTRemoteID,Sanani ID,0,false,true,true,false,true,false
CustomField,AggregateFields,Aggregate Fields,Object Set Reference,0,false,true,true,false,true,false
CustomField,Caption,Caption,Text,254,false,true,true,false,true,false
CustomField,Constraint,Constraint,Text,254,false,true,true,false,true,false
CustomField,CustomEnums,Custom Enums,Object Set Reference,0,false,true,true,false,true,false
CustomField,Default,Default,Text,64,false,true,true,false,true,false
CustomField,ExtType,Type,Short,0,false,true,true,false,true,false
CustomField,FieldName,,Text,16,false,true,true,false,false,false
CustomField,Guidelines,Guidelines,Text,254,false,true,true,false,true,false
CustomField,GuidelineURL,Guideline URL,Text,254,true,true,false,false,false,true
CustomField,ID,ID,Long,0,false,true,true,false,true,false
CustomField,Name,Name,Text,16,false,true,true,false,true,false
CustomField,Site,Site,Object Reference,0,false,true,true,false,true,false
CustomField,Type,Type,Short,0,false,true,true,false,true,false
Deliverable,ABTDeleted,ABTDeleted,Boolean,0,false,true,true,false,false,false
Deliverable,ABTHashChanged,ABTHashChanged,Boolean,0,false,true,true,false,false,false
Deliverable,ABTRemoteID,ABTRemoteID,Sanani ID,0,false,true,true,false,true,false
Deliverable,Category,Category,Text,32,false,true,true,false,true,false
Deliverable,ExternalID,ID,Text,16,false,true,true,false,true,false
Deliverable,Guidelines,Guidelines,Text,254,false,true,true,false,true,false
Deliverable,GuidelineURL,Guideline URL,Text,254,true,true,false,false,false,true
Deliverable,ID,,Long,0,false,true,true,false,true,false
Deliverable,IDField,Defines the property that labels the object,Text,0,false,true,true,false,true,false
Deliverable,Name,Name,Text,64,false,true,true,false,true,false
Deliverable,Project,Project,Object Reference,0,false,true,true,false,true,false
Deliverable,ProjectID,Project ID,Long,0,false,true,true,false,true,false
Deliverable,Tasks,Tasks,Object Set Reference,0,false,true,true,false,true,false
Deliverable,ABTDeleted,ABTDeleted,Boolean,0,false,true,true,false,false,false
Deliverable,ABTHashChanged,ABTHashChanged,Boolean,0,false,true,true,false,false,false
Deliverable,ABTRemoteID,ABTRemoteID,Sanani ID,0,false,true,true,false,true,false
Deliverable,Category,Category,Text,32,false,true,true,false,true,false
Deliverable,ExternalID,ID,Text,16,false,true,true,false,true,false
Deliverable,Guidelines,Guidelines,Text,254,false,true,true,false,true,false
Deliverable,GuidelineURL,Guideline URL,Text,254,true,true,false,false,false,true
Deliverable,ID,ID,Long,0,false,true,true,false,true,false
Deliverable,Method,Method,Object Reference,0,false,true,true,false,true,false
Deliverable,MethodID,Method ID,Long,0,false,true,true,false,true,false
Deliverable,Name,Name,Text,64,false,true,true,false,true,false
Deliverable,PackageMembers,Package Members,Object Set Reference,0,false,true,true,false,true,false
Deliverable,Tasks,Tasks,Object Set Reference,0,false,true,true,false,true,false
Deliverable,WBSLevel,WBS Level,Short,0,false,true,true,false,true,false
Deliverable,WBSSequence,WBS Sequence,Short,0,false,true,true,false,true,false
Dependency,ABTDeleted,ABTDeleted,Boolean,0,false,true,true,false,false,false
Dependency,ABTHashChanged,ABTHashChanged,Boolean,0,false,true,true,false,false,false
Dependency,ABTRemoteID,ABTRemoteID,Sanani ID,0,false,true,true,false,true,false
Dependency,Amount,Lag,Double,0,false,true,true,false,true,false
Dependency,AmountType,Lag Type,Short,0,false,true,true,false,true,false
Dependency,ID,,Long,0,false,true,true,false,true,false
Dependency,IDField,Defines the property that labels the object,Text,0,false,true,true,false,true,false
Dependency,IsIPD,Interproject Dependency?,Boolean,0,false,true,true,false,true,false
Dependency,PredTask,PredTask,Object Reference,0,false,true,true,false,true,false
Dependency,PredTaskID,Predecessor,Long,0,false,true,true,false,true,false
Dependency,ProjectPred,ProjectPred,Object Reference,0,false,true,true,false,true,false
Dependency,ProjectSucc,ProjectSucc,Object Reference,0,false,true,true,false,true,false
Dependency,SubProjectLinkPred,SubProjectLink,Object Reference,0,false,false,false,false,true,false
Dependency,SubProjectLinkSucc,SubProjectLink,Object Reference,0,false,false,false,false,true,false
Dependency,SuccTask,SuccTask,Object Reference,0,false,true,true,false,true,false
Dependency,SuccTaskID,Successor,Long,0,false,true,true,false,true,false
Dependency,Type,Type,Short,0,false,true,true,false,true,false
Dependency,ABTDeleted,ABTDeleted,Boolean,0,false,true,true,false,false,false
Dependency,ABTHashChanged,ABTHashChanged,Boolean,0,false,true,true,false,false,false
Dependency,ABTRemoteID,ABTRemoteID,Sanani ID,0,false,true,true,false,true,false
Dependency,Amount,Lag,Double,0,false,true,true,false,true,false
Dependency,AmountType,Lag Type,Short,0,false,true,true,false,true,false
Dependency,ID,ID,Long,0,false,true,true,false,true,false
Dependency,Method,Method,Object Reference,0,false,true,true,false,true,false
Dependency,PredTask,Pred Task,Object Reference,0,false,true,true,false,true,false
Dependency,PredTaskID,Pred Task ID,Long,0,false,true,true,false,true,false
Dependency,SuccTask,Succ Task,Object Reference,0,false,true,true,false,true,false
Dependency,SuccTaskID,Succ Task ID,Long,0,false,true,true,false,true,false
Dependency,Type,Dependency Type,Short,0,false,true,true,false,true,false
Taskestimate,ABTDeleted,ABTDeleted,Boolean,0,false,true,true,false,false,false
Taskestimate,ABTHashChanged,ABTHashChanged,Boolean,0,false,true,true,false,false,false
Taskestimate,ABTRemoteID,ABTRemoteID,Sanani ID,0,false,true,true,false,true,false
Taskestimate,EstModel,EstModel,Object Reference,0,false,true,true,false,true,false
Taskestimate,EstModelID,Estimate Model ID,Long,0,false,true,true,false,true,false
Taskestimate,Formula,Formula,Text,0,false,true,true,false,true,false
Taskestimate,ID,,Long,0,false,true,true,false,true,false
Taskestimate,IDField,Defines the property that labels the object,Text,0,false,true,true,false,true,false
Taskestimate,Override,Override,Boolean,0,false,true,true,false,true,false
Taskestimate,TaskID,Task ID,Long,0,false,true,true,false,true,false
Taskestimate,TaskObject,TaskObject,Object Reference,0,false,true,true,false,true,false
Taskestimate,Value,Value,Double,0,false,true,true,false,true,false
TaskEstimate,ABTDeleted,ABTDeleted,Boolean,0,false,true,true,false,false,false
TaskEstimate,ABTHashChanged,ABTHashChanged,Boolean,0,false,true,true,false,false,false
TaskEstimate,ABTRemoteID,ABTRemoteID,Sanani ID,0,false,true,true,false,true,false
TaskEstimate,EstModel,Est Model,Object Reference,0,false,true,true,false,true,false
TaskEstimate,EstModelID,Est Model ID,Long,0,false,true,true,false,true,false
TaskEstimate,Formula,Formula,Text,0,false,true,true,false,true,false
TaskEstimate,ID,ID,Long,0,false,true,true,false,true,false
TaskEstimate,Method,Method,Object Reference,0,false,true,true,false,true,false
TaskEstimate,TaskID,Task ID,Long,0,false,true,true,false,true,false
TaskEstimate,TaskObject,Task,Object Reference,0,false,true,true,false,true,false
Estmodel,ABTDeleted,ABTDeleted,Boolean,0,false,true,true,false,false,false
Estmodel,ABTHashChanged,ABTHashChanged,Boolean,0,false,true,true,false,false,false
Estmodel,ABTRemoteID,ABTRemoteID,Sanani ID,0,false,true,true,false,true,false
Estmodel,ID,,Long,0,false,true,true,false,true,false
Estmodel,IDField,Defines the property that labels the object,Text,0,false,true,true,false,true,false
Estmodel,Name,Name,Text,32,false,true,true,false,true,false
Estmodel,Project,Project,Object Reference,0,false,true,true,false,true,false
Estmodel,ProjectID,Project ID,Long,0,false,true,true,false,true,false
Estmodel,TaskEstimates,TaskEstimates,Object Set Reference,0,false,true,true,false,true,false
EstModel,ABTDeleted,ABTDeleted,Boolean,0,false,true,true,false,false,false
EstModel,ABTHashChanged,ABTHashChanged,Boolean,0,false,true,true,false,false,false
EstModel,ABTRemoteID,ABTRemoteID,Sanani ID,0,false,true,true,false,true,false
EstModel,ID,ID,Long,0,false,true,true,false,true,false
EstModel,Name,Name,Text,32,false,true,true,false,true,false
EstModel,Site,Site,Object Reference,0,false,true,true,false,true,false
Note,ABTDeleted,ABTDeleted,Boolean,0,false,true,true,false,false,false
Note,ABTHashChanged,ABTHashChanged,Boolean,0,false,true,true,false,false,false
Note,ABTRemoteID,ABTRemoteID,Sanani ID,0,false,true,true,false,true,false
Note,Category,Category,Text,32,false,true,true,false,true,false
Note,CreatedBy,Created By,Text,32,false,true,true,false,false,false
Note,CreatedTime,Created Time,Date,0,false,true,true,false,false,false
Note,ID,ID,Long,0,false,true,true,false,true,false
Note,ModBy,Modified By,Text,32,false,true,true,false,false,false
Note,ModTime,Modified Time,Date,0,false,true,true,false,false,false
Note,RecordID,Record ID,Long,0,false,true,true,false,true,false
Note,TableName,Table Name,Text,16,false,true,true,false,true,false
Note,Value,Note,Text,0,false,true,true,false,true,false
Method,ABTDeleted,ABTDeleted,Boolean,0,false,true,true,false,false,false
Method,ABTHashChanged,ABTHashChanged,Boolean,0,false,true,true,false,false,false
Method,ABTRemoteID,ABTRemoteID,Sanani ID,0,false,true,true,false,true,false
Method,AllAssignments,All Assignments,Object Set Reference,0,false,true,true,false,true,false
Method,AllDeliverables,All Deliverables,Object Set Reference,0,false,true,true,false,true,false
Method,AllDependencies,All Dependencies,Object Set Reference,0,false,true,true,false,true,false
Method,AllPackageMembers,All Package Members,Object Set Reference,0,false,true,true,false,true,false
Method,AllPackages,All Packages,Object Set Reference,0,false,true,true,false,true,false
Method,AllPageMembers,All Page Members,Object Set Reference,0,false,true,true,false,true,false
Method,AllPages,All Pages,Object Set Reference,0,false,true,true,false,true,false
Method,AllTaskestimates,All Task Estimates,Object Set Reference,0,false,true,true,false,true,false
Method,AllTasks,All Tasks,Object Set Reference,0,false,true,true,false,true,false
Method,ExternalID,ID,Text,16,false,true,true,false,true,false
Method,Filename,Filename,Text,254,false,true,true,false,false,false
Method,FirstChildTask,First Child Task,Object Reference,0,false,true,true,false,true,false
Method,FromFile,FromFile,Text,260,false,true,true,false,false,false
Method,Guidelines,Guidelines,Text,254,false,true,true,false,true,false
Method,GuidelineURL,Guideline URL,Text,254,true,true,false,false,false,true
Method,ID,ID,Long,0,false,true,true,false,true,false
Method,LastChildTask,Last Child Task,Object Reference,0,false,true,true,false,true,false
Method,LockedBy,Locked By,Text,32,false,true,true,false,false,true
Method,LockedByMe,,Boolean,0,false,true,true,true,false,true
Method,Name,Name,Text,32,false,true,true,false,true,false
Method,Packages,Packages,Object Set Reference,0,false,true,true,false,true,false
Method,ReadOnlyRight,,Boolean,0,false,true,true,true,false,true
Method,RecRules,Rec Rules,Object Set Reference,0,false,true,true,false,true,false
Method,RepoName,RepoName,Text,32,false,true,true,false,false,false
Method,Site,Site Reference,Object Reference,0,true,true,false,false,true,true
Method,Version,Version,Short,0,false,true,true,false,true,false
Method,WBSValidate,WBS Validate,Boolean,0,false,true,true,false,true,false
Package,ABTDeleted,ABTDeleted,Boolean,0,false,true,true,false,false,false
Package,ABTHashChanged,ABTHashChanged,Boolean,0,false,true,true,false,false,false
Package,ABTRemoteID,ABTRemoteID,Sanani ID,0,false,true,true,false,true,false
Package,Category,Category,Text,32,false,true,true,false,true,false
Package,Hidden,Hidden,Boolean,0,false,true,true,false,true,false
Package,ID,ID,Long,0,false,true,true,false,true,false
Package,Method,Method,Object Reference,0,false,true,true,false,true,false
Package,MethodID,Method ID,Long,0,false,true,true,false,true,false
Package,Name,Name,Text,32,false,true,true,false,true,false
Package,PackageMembers,Package Members,Object Set Reference,0,false,true,true,false,true,false
Package,RecCondition,Condition,Text,0,false,true,true,false,true,false
Package,SubPackageMembers,Sub Package Members,Object Set Reference,0,false,true,true,false,true,false
PackageMember,ABTDeleted,ABTDeleted,Boolean,0,false,true,true,false,false,false
PackageMember,ABTHashChanged,ABTHashChanged,Boolean,0,false,true,true,false,false,false
PackageMember,ABTRemoteID,ABTRemoteID,Sanani ID,0,false,true,true,false,true,false
PackageMember,Deliverable,Deliverable,Object Reference,0,false,true,true,false,true,false
PackageMember,ID,ID,Long,0,false,true,true,false,true,false
PackageMember,Method,Method,Object Reference,0,false,true,true,false,true,false
PackageMember,Package,Package,Object Reference,0,false,true,true,false,true,false
PackageMember,PackageID,Package ID,Long,0,false,true,true,false,true,false
PackageMember,RecordID,Record ID,Long,0,false,true,true,false,true,false
PackageMember,SubPackage,Sub Package,Object Reference,0,false,true,true,false,true,false
PackageMember,TableName,Table Name,Text,16,false,true,true,false,true,false
PackageMember,TaskObject,Task,Object Reference,0,false,true,true,false,true,false
Page,ABTDeleted,ABTDeleted,Boolean,0,false,true,true,false,false,false
Page,ABTHashChanged,ABTHashChanged,Boolean,0,false,true,true,false,false,false
Page,ABTRemoteID,ABTRemoteID,Sanani ID,0,false,true,true,false,true,false
Page,Guidelines,Guidelines,Text,254,false,true,true,false,true,false
Page,GuidelineURL,Guideline URL,Text,254,true,true,false,false,false,true
Page,ID,ID,Long,0,false,true,true,false,true,false
Page,Method,Method,Object Reference,0,false,true,true,false,true,false
Page,MethodID,Method ID,Long,0,false,true,true,false,true,false
Page,Name,Name,Text,32,false,true,true,false,true,false
Page,Navigation,Navigation,Text,0,false,true,true,false,true,false
Page,PageMembers,Page Members,Object Set Reference,0,false,true,true,false,true,false
Page,Sequence,Sequence,Short,0,false,true,true,false,true,false
PageMember,ABTDeleted,ABTDeleted,Boolean,0,false,true,true,false,false,false
PageMember,ABTHashChanged,ABTHashChanged,Boolean,0,false,true,true,false,false,false
PageMember,ABTRemoteID,ABTRemoteID,Sanani ID,0,false,true,true,false,true,false
PageMember,CustomField,Custom Field,Object Reference,0,false,true,true,false,true,false
PageMember,FieldID,Field ID,Long,0,false,true,true,false,true,false
PageMember,ID,ID,Long,0,false,true,true,false,true,false
PageMember,Method,Method,Object Reference,0,false,true,true,false,true,false
PageMember,Page,Page,Object Reference,0,false,true,true,false,true,false
PageMember,PageID,Page ID,Long,0,false,true,true,false,true,false
PageMember,Sequence,Sequence,Short,0,false,true,true,false,true,false
Project,ABTDeleted,ABTDeleted,Boolean,0,false,true,true,false,false,false
Project,ABTHashChanged,ABTHashChanged,Boolean,0,false,true,true,false,false,false
Project,ABTRemoteID,ABTRemoteID,Sanani ID,0,false,true,true,false,true,false
Project,ActCurve,Actual Usage,Curve,0,true,true,false,false,false,true
Project,AllAssignments,AllAssignments,Object Set Reference,0,false,true,false,false,true,false
Project,AllDeliverables,AllDeliverables,Object Set Reference,0,false,true,true,false,true,false
Project,AllDependencies,AllDependencies,Object Set Reference,0,false,true,true,false,true,false
Project,AllocCurve,,Curve,0,true,true,false,true,false,true
Project,AllTaskestimates,AllTaskestimates,Object Set Reference,0,false,true,true,false,true,false
Project,AllTasks,AllTasks,Object Set Reference,0,false,true,true,false,true,false
Project,ApprovedTime,Approved Time,Date,0,false,true,true,false,true,false
Project,AsOf,As Of Date,Date,0,false,true,true,false,true,false
Project,Availability,Project Availability,Curve,0,true,true,false,false,false,true
Project,AvailFinish,Resource End,Date,0,true,true,false,false,false,false
Project,AvailStart,Resource Start,Date,0,true,true,false,false,false,false
Project,BaseCurve,Baseline Usage,Curve,0,true,true,false,false,false,true
Project,Budget,Budget,Double,0,false,true,true,false,true,false
Project,CActFinish,Committed Actuals End,Date,0,false,true,true,false,true,false
Project,CActStart,Committed Actuals Start,Date,0,false,true,true,false,true,false
Project,Calendar,Calendar,Curve,0,true,true,true,false,true,false
Project,ChargeCodeID,Charge Code,Long,0,false,true,true,false,true,false
Project,ClosedTime,Closed Time,Date,0,false,true,true,false,true,false
Project,CPMType,Critical Path Type,Short,0,false,true,true,false,true,false
Project,CustFieldValues,CustFieldValues,Object Set Reference,0,false,true,true,false,true,false
Project,Department,Department,Text,32,false,true,true,false,true,false
Project,Description,Description,Text,254,false,true,true,false,true,false
Project,EACCurve,Total Usage,Curve,0,true,true,false,false,false,true
Project,EachAvail,Each Available,Curve,0,true,true,false,false,false,true
Project,EstCurve,Estimate to Complete,Curve,0,true,true,false,false,false,true
Project,EstModels,EstModels,Object Set Reference,0,false,true,true,false,true,false
Project,ExternalID,ID,Text,16,false,true,true,false,true,false
Project,Filename,Filename,Text,254,false,true,true,false,false,false
Project,Finish,End,Date,0,false,true,true,false,true,false
Project,FinishImposed,End Imposed,Boolean,0,false,true,true,false,true,false
Project,FirstChildTask,FirstChildTask,Object Reference,0,false,true,true,false,true,false
Project,FiscalStart,Fiscal Start,Date,0,false,true,true,false,true,false
Project,Format,Format,Short,0,false,true,true,false,true,false
Project,Guidelines,Guidelines,Text,254,false,true,true,false,true,false
Project,GuidelineURL,Guideline URL,Text,254,true,true,false,false,false,true
Project,ID,,Long,0,false,true,true,false,true,false
Project,IDField,Defines the property that labels the object,Text,0,false,true,true,false,true,false
Project,InterProjectDependList,InterProjectDependList,Object Set Reference,0,false,true,false,false,true,false
Project,IsApproved,Is Approved?,Boolean,0,true,true,false,false,false,true
Project,IsClosed,Is Closed?,Boolean,0,true,true,false,false,false,true
Project,IsFullyPopulated,IsFullyPopulated,Boolean,0,false,true,true,false,true,false
Project,IsMaster,,Boolean,0,false,true,true,true,false,true
Project,IsOpen,Open for Time Capture?,Boolean,0,false,true,true,false,true,false
Project,LastChildTask,LastChildTask,Object Reference,0,false,true,true,false,true,false
Project,LockedBy,Locked By,Text,32,false,true,true,false,false,true
Project,LockedByMe,,Boolean,0,false,true,true,true,false,true
Project,Manager,Manager,Text,32,false,true,true,false,true,false
Project,ManagerID,Manager ID,Text,16,false,true,true,false,true,false
Project,MasterTeam,MasterTeam,Array,0,true,true,false,false,true,true
Project,MaxActualsThru,Latest Actuals Thru,Date,0,true,true,false,false,false,true
Project,MinActualsThru,Earliest Actuals Thru,Date,0,true,true,false,false,false,true
Project,Name,Name,Text,32,false,true,true,false,true,false
Project,Notes,Notes,Object Set Reference,0,false,true,true,false,true,false
Project,PctComplete,% Complete at Start,Double,0,false,true,true,false,true,false
Project,PendingFinish,Pending End,Date,0,false,true,true,false,true,false
Project,Priority,Priority,Short,0,false,true,true,false,true,false
Project,Program,Program,Text,32,false,true,true,false,true,false
Project,ReadOnly,,Boolean,0,false,true,true,true,false,false
Project,ReadOnlyRight,,Boolean,0,false,true,true,true,false,true
Project,RequestedBy,Requested By,Text,32,false,true,true,false,true,false
Project,RequestedTime,Requested Time,Date,0,false,true,true,false,true,false
Project,ResolveID,ResolveID,UnKnown,0,true,false,true,true,false,false
Project,ResolveIDList,ResolveIDList,Array,0,false,false,true,true,false,false
Project,Site,Site Reference,Object Reference,0,true,true,false,true,false,true
Project,SizeAdjust,Size Adjustment,Double,0,false,true,true,false,true,false
Project,SizeAdjustOn,Size Adjustment Active,Boolean,0,false,true,true,false,true,false
Project,SponsoredBy,Sponsored By,Text,32,false,true,true,false,true,false
Project,Start,Start,Date,0,false,true,true,false,true,false
Project,StartImposed,Start Imposed,Boolean,0,false,true,true,false,true,false
Project,SubProjectLinks,SubProjectLinks,Object Set Reference,0,false,true,true,false,true,false
Project,TeamResources,TeamResources,Object Set Reference,0,false,true,true,false,true,false
Project,TrackMode,Tracking Mode,Short,0,false,true,true,false,true,false
Project,UnusedAvailability,Unused Availability,Curve,0,true,true,false,false,false,true
Project,UserName,User Name,Text,32,false,true,true,false,true,false
Project,UserText1,User Text 1,Text,32,false,true,true,false,true,false
Project,UserText2,User Text 2,Text,32,false,true,true,false,true,false
Project,UserText3,User Text 3,Text,32,false,true,true,false,true,false
Project,UserText4,User Text 4,Text,32,false,true,true,false,true,false
Project,VarianceCurve,Usage Variance,Curve,0,true,true,false,false,false,true
Project,Version,Version,Short,0,false,true,true,false,true,false
Project,WBSSequence,,Array,0,true,true,false,true,false,true
Resource,ABTDeleted,ABTDeleted,Boolean,0,false,true,true,false,false,false
Resource,ABTHashChanged,ABTHashChanged,Boolean,0,false,true,true,false,false,false
Resource,ABTRemoteID,ABTRemoteID,Sanani ID,0,false,true,true,false,true,false
Resource,AvailCurve,Availability Curve,Curve,0,false,true,true,false,false,false
Resource,AvailDefault,Default Availability,Double,0,false,true,true,false,true,false
Resource,AvailUnit,Availability Units,Short,0,false,true,true,false,true,false
Resource,BaseCalendar,BaseCalendar,Object Reference,0,false,true,true,false,true,false
Resource,Calendar,Calendar,Curve,0,false,true,true,false,true,false
Resource,CalendarID,Calendar ID,Long,0,false,true,true,false,true,false
Resource,Category,Category,Text,32,false,true,true,false,true,false
Resource,Count,Count,Double,0,false,true,true,false,true,false
Resource,DOH,Date of Hire,Date,0,false,true,true,false,true,false
Resource,DOT,Date of Termination,Date,0,false,true,true,false,true,false
Resource,ExternalID,ID,Text,16,false,true,true,false,true,false
Resource,ID,ID,Long,0,false,true,true,false,true,false
Resource,IsOpen,Open for Time Capture?,Boolean,0,false,true,true,false,true,false
Resource,IsRole,Role?,Boolean,0,false,true,true,false,true,false
Resource,Name,Name,Text,32,false,true,true,false,true,false
Resource,Notes,Notes,Object Set Reference,0,false,true,true,false,true,false
Resource,OvertimeRate,Overtime Rate,Double,0,false,true,true,true,false,false
Resource,Phonetics,Phonetics,Text,32,false,true,true,false,true,false
Resource,Rate,Billing Rate,Double,0,false,true,true,false,true,false
Resource,ReadOnly,,Boolean,0,false,true,true,true,false,true
Resource,Site,Site,Object Reference,0,false,true,true,false,true,false
Resource,TrackMode,Tracking Mode,Short,0,false,true,true,false,true,false
Resource,Type,Employment Type,Short,0,false,true,true,false,true,false
Resource,TypeCode,TypeCode,Object Reference,0,false,true,true,false,true,false
Resource,TypeCodeID,Type Code,Long,0,false,true,true,false,true,false
Resource,Unit,Unit of Measure,Short,0,false,true,true,false,true,false
Resource,UserFlag1,User Flag 1,Boolean,0,false,true,true,false,true,false
Resource,UserFlag2,User Flag 2,Boolean,0,false,true,true,false,true,false
Resource,UserName,User Name,Text,32,false,true,true,false,true,false
Resource,UserNumber1,User Number 1,Double,0,false,true,true,false,true,false
Resource,UserNumber2,User Number 2,Double,0,false,true,true,false,true,false
Resource,UserText1,User Text 1,Text,32,false,true,true,false,true,false
Resource,UserText2,User Text 2,Text,32,false,true,true,false,true,false
Resource,UserText3,User Text 3,Text,32,false,true,true,false,true,false
Resource,UserText4,User Text 4,Text,32,false,true,true,false,true,false
Site,ABTDeleted,ABTDeleted,Boolean,0,false,true,true,false,false,false
Site,ABTHashChanged,ABTHashChanged,Boolean,0,false,true,true,false,false,false
Site,ABTRemoteID,ABTRemoteID,Sanani ID,0,false,true,true,false,true,false
Site,AdjRules,AdjRules,Object Set Reference,0,false,true,true,false,true,false
Site,Calendar,Calendar,Curve,0,false,true,true,false,true,false
Site,CalendarID,Calendar ID,Long,0,false,true,true,false,true,false
Site,Calendars,Calendars,Object Set Reference,0,false,true,true,false,true,false
Site,ChargeCodes,ChargeCodes,Object Set Reference,0,false,true,true,false,true,false
Site,CurTimePeriod,CurTimePeriod,Object Reference,0,false,true,true,false,true,false
Site,CustomFields,CustomFields,Object Set Reference,0,false,true,true,false,true,false
Site,EMailName,EMail Name,Text,64,false,true,true,false,true,false
Site,EMailPassword,Email Password,Text,32,false,true,true,false,true,false
Site,EMailSpec,Email Spec,Text,64,false,true,true,false,true,false
Site,EstModels,EstModels,Object Set Reference,0,false,true,true,false,true,false
Site,Guidelines,Guidelines,Text,254,false,true,true,false,true,false
Site,GuidelineURL,Guideline URL,Text,254,true,true,false,false,false,true
Site,ID,ID,Long,0,false,true,true,false,true,false
Site,LocaleID,,Long,0,false,true,true,false,true,false
Site,Name,Name,Text,32,false,true,true,false,true,false
Site,Resources,Resources,Object Set Reference,0,false,true,true,false,true,false
Site,StdCalendar,StdCalendar,Object Reference,0,false,true,true,false,true,false
Site,TimePeriods,TimePeriods,Object Set Reference,0,false,true,true,false,true,false
Site,TrackScale,Tracking Scale,Short,0,false,true,true,false,true,false
Site,TypeCodes,TypeCodes,Object Set Reference,0,false,true,true,false,true,false
Site,Version,Version,Long,0,false,true,true,false,true,false
Site,WeekStart,Start Day of Week,Short,0,false,true,true,false,true,false
Subprojectlink,ABTDeleted,ABTDeleted,Boolean,0,false,true,true,false,false,false
Subprojectlink,ABTHashChanged,ABTHashChanged,Boolean,0,false,true,true,false,false,false
Subprojectlink,ABTRemoteID,ABTRemoteID,Sanani ID,0,false,true,true,false,true,false
Subprojectlink,Dependencies,Dependencies,Object Set Reference,0,false,true,true,false,true,false
Subprojectlink,Filename,Filename,Text,254,false,true,true,false,true,false
Subprojectlink,ID,,Long,0,false,true,true,false,true,false
Subprojectlink,IDField,Defines the property that labels the object,Text,0,false,true,true,false,true,false
Subprojectlink,IncludeRes,Include Resources?,Boolean,0,false,true,true,false,true,false
Subprojectlink,IsIPD,Interproject Dependency?,Boolean,0,false,true,false,false,true,false
Subprojectlink,IsLocked,Lock for Scheduling?,Boolean,0,false,true,true,false,true,false
Subprojectlink,IsReadOnly,Read Only?,Boolean,0,false,true,true,false,true,false
Subprojectlink,ProjectExtID,ProjectExtID,Text,16,false,true,true,false,true,false
Subprojectlink,ShowDetail,Show Detail Tasks?,Boolean,0,false,true,true,false,true,false
Subprojectlink,SubProject,,Object Reference,0,false,true,true,false,true,false
Subprojectlink,SubProjectType,SubProjectType,Short,0,false,true,true,true,false,false
Subprojectlink,SubTask,SubTask,Object Reference,0,false,true,true,false,true,false
Subprojectlink,Summarize,Summarize Resources?,Boolean,0,false,true,true,false,true,false
Subprojectlink,TaskExtID,,Text,16,false,true,true,false,true,false
Subprojectlink,TaskID,Task ID,Long,0,false,true,true,false,true,false
Subprojectlink,TaskObject,TaskObject,Object Reference,0,false,true,true,false,true,false
Task,ABTDeleted,ABTDeleted,Boolean,0,false,true,true,false,false,false
Task,ABTHashChanged,ABTHashChanged,Boolean,0,false,true,true,false,false,false
Task,ABTRemoteID,ABTRemoteID,Sanani ID,0,false,true,true,false,true,false
Task,ActCurve,Actual Usage,Curve,0,true,true,false,false,false,true
Task,ActualPctSpent,Actual % Spent,Double,0,true,true,false,false,false,true
Task,ACWP,ACWP,Double,0,true,true,false,false,false,true
Task,Assignments,Assignments,Object Set Reference,0,false,true,true,false,true,false
Task,AV,AV,Double,0,true,true,false,false,false,true
Task,BAC,BAC,Double,0,true,true,false,false,false,true
Task,BaseCurve,Baseline Usage,Curve,0,true,true,false,false,false,true
Task,BaseDuration,Baseline Duration,Double,0,false,true,true,false,false,false
Task,BaseFinish,Baseline Finish,Date,0,false,true,true,false,false,false
Task,BaseIsFixed,Baseline Fixed Duration?,Boolean,0,false,true,true,false,false,false
Task,Baselined,Baselined?,Boolean,0,true,true,false,false,false,true
Task,BaseStart,Baseline Start,Date,0,false,true,true,false,false,false
Task,BaseTime,Baseline Time,Date,0,false,true,true,false,false,false
Task,BaseWorkSum,,Double,0,false,true,true,true,false,false
Task,BCWP,BCWP,Double,0,true,true,false,false,false,true
Task,BCWS,BCWS,Double,0,true,true,false,false,false,true
Task,Calendar,,Curve,0,true,true,true,false,true,false
Task,Category,Category,Text,32,false,true,true,false,true,false
Task,Constraints,Constraints,Object Set Reference,0,false,true,true,false,true,false
Task,CPI,CPI,Double,0,true,true,false,false,false,true
Task,CriticallyLate,Critically Late?,Boolean,0,true,true,false,false,false,true
Task,CustFieldValues,CustFieldValues,Object Set Reference,0,false,true,true,false,true,false
Task,CV,CV,Double,0,true,true,false,false,false,true
Task,CVI,CVI,Double,0,true,true,false,false,false,true
Task,Deliverable,Deliverable,Text,32,false,true,true,false,true,false
Task,Deliverables,Deliverables,Object Set Reference,0,false,true,true,false,true,false
Task,Duration,Duration,Double,0,false,true,true,false,true,false
Task,DurationVariance,Duration Variance,Double,0,true,true,false,false,false,true
Task,EAC,EAC,Double,0,true,true,false,false,false,true
Task,EACCurve,Total Usage,Curve,0,true,true,false,false,false,true
Task,EarlyFinish,Early End,Date,0,false,true,true,false,false,false
Task,EarlyStart,Early Start,Date,0,false,true,true,false,false,false
Task,EndVariance,End Variance,Double,0,true,true,false,false,false,true
Task,EndVsLateEnd,End vs. Late End,Double,0,true,true,false,false,false,true
Task,EstCurve,Estimate to Complete,Curve,0,true,true,false,false,false,true
Task,EstInActualsPeriod,Estimate in Actuals Period,Double,0,true,true,false,false,false,true
Task,ExternalID,ID,Text,16,false,true,true,false,true,false
Task,Finish,End,Date,0,false,true,true,false,true,false
Task,FirstChildTask,FirstChildTask,Object Reference,0,false,true,true,false,true,false
Task,Guidelines,Guidelines,Text,254,false,true,true,false,true,false
Task,GuidelineURL,Guideline URL,Text,254,true,true,false,false,false,true
Task,ID,,Long,0,false,true,true,false,true,false
Task,IDField,Defines the property that labels the object,Text,0,false,true,true,false,true,false
Task,InterprojectDependencies,Interproject Dependencies?,Boolean,0,true,true,false,false,false,true
Task,IsCritical,Critical Path?,Boolean,0,true,true,false,false,false,false
Task,IsExternal,External?,Boolean,0,false,true,true,false,false,false
Task,IsFixed,Fixed Duration?,Boolean,0,false,true,true,false,true,false
Task,IsKey,Key Task?,Boolean,0,false,true,true,false,true,false
Task,IsLocked,Locked?,Boolean,0,false,true,true,false,true,false
Task,IsMilestone,Milestone?,Boolean,0,false,true,true,false,true,false
Task,IsPendActSumSet,Pending Actuals?,Boolean,0,true,true,false,false,false,false
Task,IsPendEstSumSet,Pending Estimate?,Boolean,0,true,true,false,false,false,false
Task,IsPrioritySet,Priority?,Boolean,0,true,true,true,false,true,true
Task,IsTask,Detail Task?,Boolean,0,false,true,true,false,true,false
Task,IsUnplanned,Unplanned?,Boolean,0,false,true,true,false,true,false
Task,LastChildTask,LastChildTask,Object Reference,0,false,true,true,false,true,false
Task,LateFinish,Late End,Date,0,false,true,true,false,false,false
Task,LateStart,Late Start,Date,0,false,true,true,false,false,false
Task,MaxActualsThru,Latest Actuals Thru,Date,0,true,true,false,false,false,true
Task,MethodExtID,Method Ext ID,Text,16,false,true,true,false,true,false
Task,MinActualsThru,Earliest Actuals Thru,Date,0,true,true,false,false,false,true
Task,Name,Name,Text,64,false,true,true,false,true,false
Task,NewEACSum,New Total Usage,Double,0,true,true,false,false,false,false
Task,NextTask,NextTask,Object Reference,0,false,true,true,false,true,false
Task,Notes,Notes,Object Set Reference,0,false,true,true,false,true,false
Task,Overcommitted,Overcommitted?,Boolean,0,true,true,false,false,false,true
Task,ParentTask,ParentTask,Object Reference,0,false,true,true,false,true,false
Task,PctComplete,Percent Complete ,Double,0,false,true,true,false,true,false
Task,PctExpended,Percent Expended,Double,0,true,true,false,false,false,true
Task,PendActSum,Pending Actuals,Double,0,false,true,true,false,true,false
Task,PendEstSum,Pending Estimate,Double,0,false,true,true,false,true,false
Task,PendingVariance,Pending Variance,Double,0,true,true,false,false,false,false
Task,PerformancePctComplete,Perform % Complete,Double,0,true,true,false,false,false,true
Task,PredDependencies,PredDependencies,Object Set Reference,0,false,true,true,false,true,false
Task,PreviousTask,PreviousTask,Object Reference,0,false,true,true,false,true,false
Task,Priority,Priority,Short,0,false,true,true,false,true,false
Task,Project,Project,Object Reference,0,false,true,true,false,true,false
Task,ProjectID,Project ID,Long,0,false,true,true,false,true,false
Task,SchedulePctComplete,Schedule % Complete,Double,0,true,true,false,false,false,true
Task,ShortName,Short Name,Text,16,false,true,true,false,true,false
Task,SPI,SPI,Double,0,true,true,false,false,false,true
Task,Start,Start,Date,0,false,true,true,false,true,false
Task,StartVariance,Start Variance,Double,0,true,true,false,false,false,true
Task,Status,Status,Short,0,false,true,true,false,true,false
Task,SubProjectLink,SubProjectLink,Object Reference,0,false,true,true,false,true,false
Task,SuccDependencies,SuccDependencies,Object Set Reference,0,false,true,true,false,true,false
Task,SV,SV,Double,0,true,true,false,false,false,true
Task,SVI,SVI,Double,0,true,true,false,false,false,true
Task,TaskEstimates,TaskEstimates,Object Set Reference,0,false,true,true,false,true,false
Task,TotalFloat,Float,Double,0,true,true,false,false,false,false
Task,VAC,VAC,Double,0,true,true,false,false,false,true
Task,VarianceCurve,Usage Variance,Curve,0,true,true,false,false,false,true
Task,WBSLevel,,Short,0,false,true,true,true,false,false
Task,WBSType,Type,Short,0,true,true,true,false,true,false
Task,WDM,WDM,Double,0,false,true,true,false,true,false
Task,ABTDeleted,ABTDeleted,Boolean,0,false,true,true,false,false,false
Task,ABTHashChanged,ABTHashChanged,Boolean,0,false,true,true,false,false,false
Task,ABTRemoteID,ABTRemoteID,Sanani ID,0,false,true,true,false,true,false
Task,Assignments,Assignments,Object Set Reference,0,false,true,true,false,true,false
Task,Category,Category,Text,32,false,true,true,false,true,false
Task,Deliverables,Deliverables,Object Set Reference,0,false,true,true,false,true,false
Task,Duration,Duration,Double,0,false,true,true,false,true,false
Task,ExternalID,ID,Text,16,false,true,true,false,true,false
Task,FirstChildTask,First Child Task,Object Reference,0,false,true,true,false,true,false
Task,Guidelines,Guidelines,Text,254,false,true,true,false,true,false
Task,GuidelineURL,Guideline URL,Text,254,true,true,false,false,false,true
Task,ID,ID,Long,0,false,true,true,false,true,false
Task,IsFixed,Fixed Duration?,Boolean,0,false,true,true,false,true,false
Task,IsMilestone,Milestone?,Boolean,0,false,true,true,false,true,false
Task,IsTask,Deatil Task?,Boolean,0,false,true,true,false,true,false
Task,LastChildTask,Last Child Task,Object Reference,0,false,true,true,false,true,false
Task,Method,Method,Object Reference,0,false,true,true,false,true,false
Task,MethodID,Method ID,Long,0,false,true,true,false,true,false
Task,Name,Name,Text,64,false,true,true,false,true,false
Task,NextTask,Next Task,Object Reference,0,false,true,true,false,true,false
Task,PackageMembers,Package Members,Object Set Reference,0,false,true,true,false,true,false
Task,ParentTask,Parent Task,Object Reference,0,false,true,true,false,true,false
Task,PredDependencies,Pred Dependencies,Object Set Reference,0,false,true,true,false,true,false
Task,PreviousTask,Previous Task,Object Reference,0,false,true,true,false,true,false
Task,ShortName,Short Name,Text,16,false,true,true,false,true,false
Task,SuccDependencies,Succ Dependencies,Object Set Reference,0,false,true,true,false,true,false
Task,TaskEstimates,Task Estimates,Object Set Reference,0,false,true,true,false,true,false
Task,WBSLevel,WBS Level,Short,0,false,true,true,false,true,false
Task,WBSSequence,WBS Sequence,Short,0,false,true,true,false,true,false
Task,WDM,WDM,Double,0,false,true,true,false,true,false
Team,ABTDeleted,ABTDeleted,Boolean,0,false,true,true,false,false,false
Team,ABTHashChanged,ABTHashChanged,Boolean,0,false,true,true,false,false,false
Team,ABTRemoteID,ABTRemoteID,Sanani ID,0,false,true,true,false,true,false
Team,ActCurve,Actual Usage,Curve,0,true,true,false,false,false,true
Team,AllocCurve,,Curve,0,false,true,true,true,false,false
Team,Assignments,Assignments,Object Set Reference,0,false,true,true,false,true,false
Team,Availability,Project Availability,Curve,0,true,true,true,false,true,true
Team,AvailFinish,Resource End,Date,0,false,true,true,false,true,false
Team,AvailStart,Resource Start,Date,0,false,true,true,false,true,false
Team,BaseCurve,Baseline Usage,Curve,0,true,true,false,false,false,true
Team,Calendar,,Curve,0,true,true,true,false,true,false
Team,EACCurve,Total Usage,Curve,0,true,true,false,false,false,true
Team,EachAvail,Each Available,Curve,0,true,true,true,false,true,true
Team,EstCurve,Estimate to Complete,Curve,0,true,true,false,false,false,true
Team,ID,,Long,0,false,true,true,false,true,false
Team,IDField,Defines the property that labels the object,Text,0,false,true,true,false,true,false
Team,IsOpen,Open for Time Capture?,Boolean,0,false,true,true,false,true,false
Team,Project,Project,Object Reference,0,false,true,true,false,true,false
Team,ProjectID,Project ID,Long,0,false,true,true,false,true,false
Team,Resource,Resource,Object Reference,0,false,true,true,false,true,false
Team,ResourceID,,Long,0,false,true,true,false,true,false
Team,UnusedAvailability,Unused Availability,Curve,0,true,true,false,false,false,true
Team,VariableAvail,Variable Availability?,Boolean,0,true,true,false,false,false,true
Team,VarianceCurve,Usage Variance,Curve,0,true,true,false,false,false,true
TimePeriod,ABTDeleted,ABTDeleted,Boolean,0,false,true,true,false,false,false
TimePeriod,ABTHashChanged,ABTHashChanged,Boolean,0,false,true,true,false,false,false
TimePeriod,ABTRemoteID,ABTRemoteID,Sanani ID,0,false,true,true,false,true,false
TimePeriod,Finish,Finish,Date,0,false,true,true,false,true,false
TimePeriod,ID,ID,Long,0,false,true,true,false,true,false
TimePeriod,IsOpen,Open for Time Capture?,Boolean,0,false,true,true,false,true,false
TimePeriod,Name,Name,Text,0,false,true,true,false,true,false
TimePeriod,PostedBy,Posted By,Text,32,false,true,true,false,true,false
TimePeriod,PostedTime,Posted Time,Date,0,false,true,true,false,true,false
TimePeriod,Site,Site,Object Reference,0,false,true,true,false,true,false
TimePeriod,Start,Start,Date,0,false,true,true,false,true,false
TypeCode,ABTDeleted,ABTDeleted,Boolean,0,false,true,true,false,false,false
TypeCode,ABTHashChanged,ABTHashChanged,Boolean,0,false,true,true,false,false,false
TypeCode,ABTRemoteID,ABTRemoteID,Sanani ID,0,false,true,true,false,true,false
TypeCode,ExternalID,ID,Text,16,false,true,true,false,true,false
TypeCode,ID,ID,Long,0,false,true,true,false,true,false
TypeCode,IsOpen,Open for Time Capture?,Boolean,0,false,true,true,false,true,false
TypeCode,Name,Name,Text,32,false,true,true,false,true,false
TypeCode,Site,Site,Object Reference,0,false,true,true,false,true,false
