A,B,C,D
AdjRule;,Value,CAPTION,CSV = - in object = Value
AggregateField;,Weight,CAPTION,CSV = - in object = Weight
Assignment;,ActCurve,CAPTION,CSV = Actual Usage- in object = 
Assignment;,BaseMax,CAPTION,CSV = Baseline Max % Load- in object = 
Assignment;,BasePattern,CAPTION,CSV = Baseline Loading Pattern- in object = 
Assignment;,EACCurve,CAPTION,CSV = Total Usage- in object = pmEACCurve
Assignment;,EstCurve,CAPTION,CSV = Estimate to Complete- in object = 
Assignment;,EstPattern,CAPTION,CSV = Loading Pattern- in object = 
Assignment;,Finish,CAPTION,CSV = End- in object = Finish
Assignment;,IsPendEstSumSet,CAPTION,CSV = Pending Estimate?- in object = Pending Estimates?
Assignment;,PendEstSum,CAPTION,CSV = Pending Estimate- in object = Pending ETC
Assignment;,VarianceCurve,CAPTION,CSV = Usage Variance- in object = Variance Curve
Calendar;,Value,CAPTION,CSV = - in object = Value
ChargeCode;,ExternalID,CAPTION,CSV = ID- in object = External ID
ChargeCode;,IsOpen,CAPTION,CSV = Open for Time Capture?- in object = Open
CustomEnum;,Caption,CAPTION,CSV = - in object = Caption
CustomEnum;,Value,CAPTION,CSV = - in object = Value
CustomField;,Caption,CAPTION,CSV = - in object = Caption
CustomField;,Constraint,CAPTION,CSV = - in object = Constraint
CustomField;,Default,CAPTION,CSV = - in object = Default
CustomField;,ExtType,CAPTION,CSV = - in object = Ext Type
CustomField;,FieldName,CAPTION,CSV = Field- in object = Field Name
CustomField;,Guidelines,CAPTION,CSV = Guideline URL- in object = Guidelines
CustomField;,Type,CAPTION,CSV = - in object = Employment Type
Deliverable;,ExternalID,CAPTION,CSV = ID- in object = External ID
Deliverable;,Guidelines,CAPTION,CSV = Guideline URL- in object = Guidelines
Dependency;,Type,CAPTION,CSV = Dependency Type- in object = Employment Type
M-Deliverable;,ExternalID,CAPTION,CSV = ID- in object = External ID
M-Deliverable;,Guidelines,CAPTION,CSV = Guideline URL- in object = Guidelines
M-Dependency;,Amount,CAPTION,CSV = Lag- in object = Amount
M-Dependency;,AmountType,CAPTION,CSV = Lag Type- in object = Amount Type
M-Dependency;,Type,CAPTION,CSV = Dependency Type- in object = Type
Method;,ExternalID,CAPTION,CSV = ID- in object = External ID
Method;,Filename,CAPTION,CSV = Filename- in object = File Name
Method;,Guidelines,CAPTION,CSV = Guideline URL- in object = Guidelines
M-Task;,ExternalID,CAPTION,CSV = ID- in object = External ID
M-Task;,Guidelines,CAPTION,CSV = Guideline URL- in object = Guidelines
M-Task;,IsFixed,CAPTION,CSV = Fixed Duration?- in object = Is Fixed
M-Task;,IsMilestone,CAPTION,CSV = Milestone?- in object = Is Milestone
M-Task;,IsTask,CAPTION,CSV = Detail Task?- in object = Is Task
M-TaskEstimate;,Formula,CAPTION,CSV = - in object = Formula
Note;,CreatedBy,CAPTION,CSV = Created By- in object = Who created this object?
Note;,CreatedTime,CAPTION,CSV = Created Time- in object = What time was the object created?
Note;,ModTime,CAPTION,CSV = Modified Time- in object = Modification Time
Note;,Value,CAPTION,CSV = Note- in object = Value
Package;,Hidden,CAPTION,CSV = - in object = Hidden
Package;,RecCondition,CAPTION,CSV = - in object = Rec Condition
Page;,Guidelines,CAPTION,CSV = Guideline URL- in object = Guidelines
Page;,Navigation,CAPTION,CSV = - in object = Navigation
Page;,Sequence,CAPTION,CSV = - in object = Sequence
Project;,ActCurve,CAPTION,CSV = Actual Usage- in object = 
Project;,AsOf,CAPTION,CSV = As Of Date- in object = As Of
Project;,CActFinish,CAPTION,CSV = Commited Actuals End- in object = Committed Actuals Finish
Project;,EACCurve,CAPTION,CSV = Total Usage- in object = pmEACCurve
Project;,EstCurve,CAPTION,CSV = Estimate to Complete- in object = 
Project;,ExternalID,CAPTION,CSV = ID- in object = External ID
Project;,Finish,CAPTION,CSV = End- in object = Finish
Project;,FinishImposed,CAPTION,CSV = End Imposed- in object = Finish Imposed
Project;,Guidelines,CAPTION,CSV = Guideline URL- in object = Guidelines
Project;,IsMaster,CAPTION,CSV = - in object = Master?
Project;,IsOpen,CAPTION,CSV = Open for Time Capture?- in object = Open
Project;,LockedByMe,CAPTION,CSV = - in object = Locked By Me
Project;,MaxActualsThru,CAPTION,CSV = Latest Actuals Thru- in object = MaxActualsThru
Project;,MinActualsThru,CAPTION,CSV = Earliest Actuals Thru- in object = MinActualsThru
Project;,PctComplete,CAPTION,CSV = % Complete at Start- in object = % Complete At Start
Project;,ReadOnly,CAPTION,CSV = - in object = Read Only Flag
Project;,ReadOnlyRight,CAPTION,CSV = - in object = ReadOnlyRight
Project;,SizeAdjust,CAPTION,CSV = Size Adjustment- in object = SizeAdjust
Project;,SizeAdjustOn,CAPTION,CSV = Size Adjustment Active- in object = SizeAdjustOn
Project;,UserName,CAPTION,CSV = User Name- in object = User
Project;,VarianceCurve,CAPTION,CSV = Usage Variance- in object = Variance Curve
Project;,WBSSequence,CAPTION,CSV = - in object = Sequence
Resource;,AvailUnit,CAPTION,CSV = Availability Units- in object = Availability Unit
Resource;,ExternalID,CAPTION,CSV = ID- in object = External ID
Resource;,IsOpen,CAPTION,CSV = Open for Time Capture?- in object = Open
Resource;,IsRole,CAPTION,CSV = Role?- in object = Is Role
Resource;,OvertimeRate,CAPTION,CSV = - in object = Overtime Rate
Resource;,Rate,CAPTION,CSV = Billing Rate- in object = Rate
Resource;,ReadOnly,CAPTION,CSV = - in object = Read Only Flag
Resource;,TrackMode,CAPTION,CSV = Tracking Mode- in object = Track Mode
Resource;,Type,CAPTION,CSV = Resource Type- in object = Employment Type
Resource;,Unit,CAPTION,CSV = Unit of Measure- in object = Unit
Resource;,UserName,CAPTION,CSV = User Name- in object = User
Site;,Guidelines,CAPTION,CSV = Guideline URL- in object = Guidelines
Site;,LocaleID,CAPTION,CSV = - in object = Locale ID
Site;,TrackScale,CAPTION,CSV = Tracking Scale- in object = Track Scale
Site;,WeekStart,CAPTION,CSV = Start Day of Week- in object = Week Start
Subprojectlink;,IncludeRes,CAPTION,CSV = Include Resources?- in object = 
Subprojectlink;,IsLocked,CAPTION,CSV = Lock for Scheduling?- in object = Locked
Subprojectlink;,IsReadOnly,CAPTION,CSV = Read Only?- in object = IsReadOnly
Subprojectlink;,ShowDetail,CAPTION,CSV = Show Detail Tasks?- in object = 
Subprojectlink;,SubProjectType,CAPTION,CSV = - in object = SubProjectType
Subprojectlink;,Summarize,CAPTION,CSV = Summarize Resources?- in object = 
Task;,ActCurve,CAPTION,CSV = Actual Usage- in object = 
Task;,ActualPctSpent,CAPTION,CSV = Actual % Spent- in object = ActualPctSpent
Task;,BaseDuration,CAPTION,CSV = Baseline Duration- in object = Base Duration
Task;,BaseFinish,CAPTION,CSV = Baseline End- in object = Base Finish
Task;,BaseStart,CAPTION,CSV = Baseline Start- in object = Base Start
Task;,BaseTime,CAPTION,CSV = Baseline Time- in object = Base Time
Task;,Delay,CAPTION,CSV = - in object = Delay
Task;,EACCurve,CAPTION,CSV = Total Usage- in object = pmEACCurve
Task;,EarlyFinish,CAPTION,CSV = Early End- in object = Early Finish
Task;,EstCurve,CAPTION,CSV = Estimate to Complete- in object = 
Task;,ExternalID,CAPTION,CSV = ID- in object = External ID
Task;,Finish,CAPTION,CSV = End- in object = Finish
Task;,Guidelines,CAPTION,CSV = Guideline URL- in object = Guidelines
Task;,IsCritical,CAPTION,CSV = Critical Path?- in object = Critical
Task;,IsExternal,CAPTION,CSV = External?- in object = External
Task;,IsFixed,CAPTION,CSV = Fixed Duration?- in object = Fixed
Task;,IsLocked,CAPTION,CSV = Locked?- in object = Locked
Task;,IsMilestone,CAPTION,CSV = Milestone?- in object = Milestone
Task;,IsPendEstSumSet,CAPTION,CSV = Pending Estimate?- in object = Pending Estimates?
Task;,IsTask,CAPTION,CSV = Detail Task?- in object = Is Task
Task;,LateFinish,CAPTION,CSV = Late End- in object = Late Finish
Task;,MaxActualsThru,CAPTION,CSV = Latest Actuals Thru- in object = MaxActualsThru
Task;,MethodExtID,CAPTION,CSV = Method ID- in object = Method Ext ID
Task;,MinActualsThru,CAPTION,CSV = Earliest Actuals Thru- in object = MinActualsThru
Task;,PctComplete,CAPTION,CSV = Percent Complete- in object = % Complete At Start
Task;,PendEstSum,CAPTION,CSV = Pending Estimate- in object = Pending ETC
Task;,PerformancePctComplete,CAPTION,CSV = Perform % Complete- in object = Performance % Complete
Task;,VarianceCurve,CAPTION,CSV = Usage Variance- in object = Variance Curve
Task;,WBSLevel,CAPTION,CSV = - in object = Level
Taskestimate;,Formula,CAPTION,CSV = - in object = Formula
Taskestimate;,Override,CAPTION,CSV = - in object = Override
Team;,ActCurve,CAPTION,CSV = Actual Usage- in object = 
Team;,EACCurve,CAPTION,CSV = Total Usage- in object = pmEACCurve
Team;,EstCurve,CAPTION,CSV = Estimate to Complete- in object = 
Team;,IsOpen,CAPTION,CSV = Open for Time Capture?- in object = Open
Team;,VarianceCurve,CAPTION,CSV = Usage Variance- in object = Variance Curve
TypeCode;,ExternalID,CAPTION,CSV = ID- in object = External ID
TypeCode;,IsOpen,CAPTION,CSV = Open for Time Capture?- in object = Open
