pmActCurve,Curve,Assignment,No,Yes2 ?,Yes2,No,Yes2,No,No,Yes,Actual,,,,,
pmActCurve,Curve,Task; Project;Team,Yes,Yes,No,No,No,Yes,Yes,No,Actual Usage,,,,,
pmActThru,Date - PM,Assignment,No,Yes2 ?,Yes2,No,Yes2,No,No,Yes,Actuals Thru Date,,,,,
pmActualPctSpent,Double - %,Task,Yes,Yes,No,No,No,Yes,Yes,No,Actual % Spent,,,,,
pmACWP,Currency,Task,Yes,Yes,No,No,No,Yes,Yes,No,ACWP,,,,,
pmAggNewEACSum,Double,Team,Yes,Yes,No,No,No,Yes,Yes,No,New Total Usage,,,,,
pmAggOvercommitted,Boolean,Task,Yes,Yes,No,No,No,Yes,Yes,No,Overcommitted?,,,,,
pmAllocCurve,Curve,Team,No,Yes,Yes,Yes,Yes,No,No,No,,,,,,
pmAmount,Duration,Dependency,No,Yes,Yes,No,Yes,No,No,No,Lag,,,,,
pmAmountType,Enum,Dependency,No,Yes,Yes,No,Yes,No,No,No,Lag Type,,,,,
pmApprovedTime,Date - PM,Project,No,Yes,Yes,No,Yes,No,No,No,Approved Time,,,,,
pmAsOf,Date - PM,Project,No,Yes,Yes,No,Yes,No,No,No,As Of Date,,,,,
pmAV,Currency,Task,Yes,Yes,No,No,No,Yes,Yes,No,AV,,,,,
pmAvailability,Curve,Team,Yes,Yes,Yes,No,Yes,Yes,Yes ?,Yes,Project Availability,,,,,
pmAvailCurve,Curve,Resource,No,Yes,Yes,Yes,No,No,No,No,,,,,,
pmAvailUnit,Enum,Resource,No,Yes,Yes,No,Yes,No,No,No,Availability Units,,,,,
pmBAC,Currency,Task,Yes,Yes,No,No,No,Yes,Yes,No,BAC,,,,,
pmBaseCostSum,Currency,Task,No,Yes,Yes,Yes,No,No,No,No,,,,,,
pmBaseCurve,Curve,Task; Project;Team,Yes,Yes,No,No,No,Yes,Yes,No,Baseline Usage,,,,,
pmBaseCurve,Curve,Assignment,No,Yes,Yes2,No,No,No,No,No,Baseline Usage,,,,,
pmBaseDuration,Duration,Task,No,Yes,Yes,No,No,No,No,No,Baseline Duration,,,,,
pmBaseFinish,Date - PM,Task,No,Yes,Yes1,No,No,No,Yes,No,Baseline Finish,,,,,
pmBaseIsFixed,Boolean,Task,No,Yes,Yes,No,No,No,No,No,Baseline Fixed Duration?,,,,,
pmBaselined,Boolean,Task,Yes,Yes,No,No,No,Yes,Yes,No,Baselined?,,,,,
pmBaseMax,Double - %,Assignment,No,Yes,Yes2,No,No2,No,No,No,Baseline Max % Load,,,,,
pmBasePattern,Enum,Assignment,No,Yes,Yes2,No,No2 ? - Ye,No,No,No,Baseline Loading Pattern,,,,,
pmBaseStart,Date,Task,No,Yes,Yes1,No,No,No,Yes,No,Baseline Start,,,,,
pmBaseSum,Double,Assignment,Yes,Yes,No,No,No,No,Yes ?,No,Baseline Usage,,,,,
pmBaseTime,Time,Task,No,Yes,Yes,No,No,No,No,No,Baseline Time,,,,,
pmBaseWorkSum,Double,Task,No,Yes,Yes,Yes,No,No,No,No,,,,,,
pmBCWP,Currency,Task,Yes,Yes,No,No,No,Yes,Yes,No,BCWP,,,,,
pmBCWS,Currency,Task,Yes,Yes,No,No,No,Yes,Yes,No,BCWS,,,,,
pmBudget,Currency,Project,No,Yes,Yes,No,Yes,No,No,No,Budget,,,,,
pmCActFinish,Date - PM,Project,No,Yes,Yes,No,Yes,No,No,No,Commited Actuals Finish,,,,,
pmCActStart,Date,Project,No,Yes,Yes,No,Yes,No,No,No,Committed Actuals Start,,,,
pmCategory,Text - 32,Resource; Task,No,Yes,Yes,No,Yes,No,No,No,Category,,,,
pmClosedTime,Date,Project,No,Yes,Yes,No,Yes,No,No,No,Closed Time,,,,
pmCount,Double,Resource,No,Yes,Yes,No,Yes,No,No,No,Count,1,?,?,
pmCPI,Double,Task,Yes,Yes,No,No,No,Yes,Yes,No,CPI,,,,
pmCPMType,Enum,Project,No,Yes,Yes,No,Yes,No,No,No,Critical Path Type,,,,
pmCreatedBy,Text - 32,All,No,Yes,Yes,No,No,No,Yes ?,No,Created By,?,,,
pmCreatedTime,Time,All,No,Yes,Yes,No,No,No,Yes ?,No,Created Time,system time,,,
pmCriticallyLate,Boolean,Task,Yes,Yes,No,No,No,Yes,Yes,No,Critically Late,,,,
pmCriticalPath,Boolean,Task,Yes,Yes,No,No,No,No,Yes?,No,Critical Path?,,,,
pmCV,Currency,Task,Yes,Yes,No,No,No,Yes,Yes,No,CV,,,,
pmCVI,Double,Task,Yes,Yes,No,No,No,Yes,Yes,No,CVI,,,,
pmDelay,Double,Task,No,Yes,Yes,Yes,Yes,No,No,No,,,,,
pmDeletedBy,Text - 32,All,No,Yes,Yes,No,No,No,Yes,No,Deleted By,,,,
pmDeletedTime,Time,All,No,Yes,Yes,No,No,No,Yes ?,No,Deleted Time,,,,
pmDeliverable,Text - 32,Task,No,Yes,Yes,No,Yes,No,No,No,Deliverable,,,,
pmDepartment,Text - 32,Project,No,Yes,Yes,No,Yes,No,No,No,Department,,,,
pmDescription,Text - 254,Project,No,Yes,Yes,No,Yes,No,No,No,Description,,,,
pmDOH,Date,Resource,No,Yes,Yes,No,Yes,No,No,No,Date of Hire,,,,
pmDOT,Date - PM,Resource,No,Yes,Yes,No,Yes,No,No,No,Date of Termination,,,,
pmDuration,Duration,Task,No,Yes,Yes,No,Yes,No,No,No,Duration,?,?,,
pmDurationVariance,Duration,Task,Yes,Yes,No,No,No,Yes,Yes,No,Duration Variance,,,,
pmEAC,Currency,Task,Yes,Yes,No,No,No,Yes,Yes,No,EAC,,,,
pmEACCurve,Curve,Task; Project;Team,Yes,Yes,No,No,No,Yes,Yes,No,Total Usage,,,,
pmEACCurve,Curve,Assignment,Yes,Yes,No,No,No,Yes,Yes,No,Total Usage,,,,
pmEachAvail,Curve,Team,Yes,Yes,Yes,No,Yes,Yes,Yes ?,Yes,Each Available,,,,
pmEarlyFinish,Date - PM,Task,No,Yes,Yes,No,No,No,No,No,Early Finish,,,,
pmEarlyStart,Date,Task,No,Yes,Yes,No,No,No,No,No,Early Start,,,,
pmEndVariance,Duration,Task,Yes,Yes,No,No,No,Yes,Yes,No,End Variance,,,,
pmEndVsLateEnd,Duration,Task,Yes,Yes,No,No,No,Yes,Yes,No,End vs. Late End,,,,
pmEstCurve,Curve,Task; Project;Team,Yes,Yes,No,No,No,Yes,Yes,No,Estimate to Complete,,,,
pmEstCurve,Curve,Assignment,No,Yes,Yes,No,Yes,No,No,No,Estimate to Complete,,,,
pmEstInActualsPeriod,Double,Task,Yes,Yes,No,No,No,Yes,Yes,No,Estimate in Actuals Period,,,,
pmEstInActualsPeriod,Double,Assignment,Yes,Yes,No,No,No,Yes,Yes ?,No,Estimate in Actuals Period,,,,
pmEstMax,Double,Assignment,No,Yes,Yes2,No,Yes2,No,No,No,Max % Load,1,,,
pmEstPattern,Enum,Assignment,No,Yes,Yes2,No,Yes2,No,No,No,Loading Pattern,,,,
pmExternalID,Text - 16,MTask; Task; MDeliverable; Deliverable; ,No,Yes,Yes,No,Yes,No,No,Yes,ID,see rule,,,
pmFinish,Date - PM,Project; Task; Assignment,No,Yes,Yes1,No,Yes1,No,Yes,No,Finish,system time @ end of day,,,
pmFiscalStart,Date,Project,No,Yes,Yes,No,Yes,No,No,No,Fiscal Start,,,,
pmFormat,Enum,Project,No,Yes,Yes,No,Yes,No,No,No,Format,,,,
pmGuidelineID,Text - 254,MTask; Task; MDeliverable; Deliverable; ,No,Yes,Yes,No,Yes,No,No,No,Guideline URL,empty,,,
pmGuidelines,Text - 254,Site; Method; Project,No,Yes,Yes,No,Yes,No,No,No,Guideline URL,empty,,,
pmGuidelineURL,Text - 254,MTask; Task; MDeliverable; Deliverable; ,Yes,Yes,No,No,No,Yes,Yes ?,No,Guideline URL,,,,
pmHasChanged,Boolean,All,No,Yes,Yes,Yes,No,?,No,No,,?,,,
pmInterprojectDependencies,Boolean,Task,Yes,Yes,No,No,No,Yes,Yes,No,Interproject Dependencies?,,,,
pmIsApproved,Boolean,Project,Yes,Yes,No,No,No,Yes,Yes,No,Is Approved?,,,,
pmIsClosed,Boolean,Project,Yes,Yes,No,No,No,Yes,Yes,No,Is Closed?,,,,
pmIsExternal,Boolean,Task,No,Yes,No,No,No,No,No,No,External?,false,,,
pmIsFixed,Boolean,Task,No,Yes,Yes,No,Yes,No,No,Yes,Fixed Duration?,,,,
pmIsLocked,Boolean,Task,No,Yes,Yes,No,Yes,No,No,No,Locked?,,,,
pmIsMilestone,Boolean,Task,No,Yes,Yes,No,Yes,No,No,Yes,Milestone?,,,,
pmIsOpen,Boolean,Project; Resource; Team,No,Yes,Yes,No,Yes,No,No,No,Open for Time Capture?,,,,
pmIsPendActSumSet,Boolean,Task,Yes,Yes,No,No,No,Yes,Yes,No,Pending Actuals?,,,,
pmIsPendActSumSet,Boolean,Assignment,Yes,Yes,No,No,No,Yes,Yes ?,No,Pending Actuals?,,,,
pmIsPendEstSumSet,Boolean,Task,Yes,Yes,No,No,No,Yes,Yes,No,Pending Estimate?,,,,
pmIsPendEstSumSet,Boolean,Assignment,Yes,Yes,Yes2 ?,No,Yes2 ?,Yes,Yes ?,Yes ?,Pending Estimate?,,,,
pmIsPrioritySet,Boolean,Task,Yes,Yes,Yes,No,Yes,Yes,Yes,Yes,Priority?,,,,
pmIsRole,Boolean,Resource,No,Yes,Yes,No,Yes,No,No,No,Role?,,,,
pmIsTask,Boolean,Task,No,Yes,Yes1,No,Yes1,No,No,Yes,Detail Task?,true,,,
pmIsUnplanned,Boolean,Task; Assignment,No,Yes,Yes,No,Yes,No,No,No,Unplanned?,,,,
pmLateFinish,Date - PM,Task,No,Yes,No,No,No,No,No,No,Late Finish,,,,
pmLateStart,Date,Task,No,Yes,No,No,No,No,No,No,Late Start,,,,
pmManager,Text - 32,Project,No,Yes,Yes,No,Yes,No,No,No,Manager,,,,
pmManagerID,Text - 16,Project,No,Yes,Yes,No,Yes,No,No,No,Manager ID,,,,
pmMasterAlloc,Curve,Team,Yes,Yes,No,Yes,No,Yes,Yes ?,No,,,,,
pmMasterAvail,Curve,Team,Yes,Yes,No,No,No,Yes,Yes ?,No,Project Availability,,,,
pmMaxActualsThru,Date - PM,Task; Project,Yes,Yes,No,No,No,Yes,Yes,No,Latest Actuals Thru,,,,
pmMinActualsThru,Date,Task; Project,Yes,Yes,No,No,No,Yes,Yes,No,Earliest Actuals Thru,,,,
pmModifiedBy,Text - 32,All,No,Yes,Yes,No,No,No,No,No,Modified By,,,,
pmName,Text - 32,Calendar; Project; Resource; Task,No,Yes,Yes,No,Yes,No,No,No,Name,,,,
pmNewEACSum,Double,Assignment,Yes,Yes,No,No,No,Yes,Yes,No,New Total Usage,,,,
pmOvercommitted,Boolean,Task,Yes,Yes,No,No,No,Yes,Yes,No,Overcommitted?,,,,
pmPctComplete,Double - %,Project,No,Yes,Yes,No,Yes,No,No,No,% Complete at Start,,,,
pmPctComplete,Double - %,Task,No,Yes,Yes,No,Yes,No,No,No,Percent Complete,,,,
pmPctExpended,Double - %,Task,No,Yes,Yes,No,Yes,No,No,No,Percent Expended,,,,
pmPendActSum,Double,Task,Yes,Yes,No,No,No,Yes,Yes,No,Pending Actuals,,,,
pmPendActSum,Double,Assignment,No,Yes,Yes2,No,Yes2,No,No,No,Pending Actuals,,,,
pmPendEstSum,Double,Task,Yes,Yes,No,No,No,Yes,Yes,No,Pending Estimate,,,,
pmPendEstSum,Double,Assignment,No,Yes,Yes2,No,Yes,No,Yes ?,No,Pending Estimate,,,,
pmPendingVariance,Double,Task,Yes,Yes,No,No,No,Yes,Yes,No,Pending Variance,,,,
pmPendingVariance,Double,Assignment,Yes,Yes,No,No,No,Yes,Yes,No,Pending Variance,,,,
pmPerformancePctComplete,Double - %,Task,Yes,Yes,No,No,No,Yes,Yes,No,Perform % Complete,,,,
pmPriority,Short,Task,No,Yes,Yes,No,Yes,No,Yes,No,Priority,,0,36,
pmPriority,Short,Project,No,Yes,Yes,No,Yes,No,No,No,Priority,10,0,36,
pmProgram,Text - 32,Project,No,Yes,Yes,No,Yes,No,No,No,Program,,,,
pmRate,Currency,Resource,No,Yes,Yes,No,Yes,No,No,No,Billing Rate,1,,,
pmRequestedBy,Text - 32,Project,No,Yes,Yes,No,Yes,No,No,No,Requested By,,,,
pmRequestedTime,Date,Project,No,Yes,Yes,No,Yes,No,No,No,Requested Time,,,,
pmSchedulePctComplete,Double - %,Task,Yes,Yes,No,No,No,Yes,Yes,No,Schedule % Complete,,,,
pmShortName,Text - 16,Task,No,Yes,Yes,No,Yes,No,No,No,Short Name,,,,
pmSPI,Double,Task,Yes,Yes,No,No,No,Yes,Yes,No,SPI,,,,
pmSponsoredBy,Text - 32,Project,No,Yes,Yes,No,Yes,No,No,No,Sponsored By,,,,
pmStart,Date,Project; Task; Assignment,No,Yes,Yes1,No,Yes1,No,Yes,No,Start,system time @ start of day,,,
pmStartVariance,Duration,Task,Yes,Yes,No,No,No,Yes,Yes,No,Start Variance,,,,
pmStatus,Enum,Task; Assignment,No,Yes,Yes1; 2,No,Yes1; 2,No,Yes,No,Status,,,,
pmSumActual,Double,Assignment,Yes,Yes,Yes2,No,Yes2,No,Yes?,Yes?,Actual Usage,,,,
pmSumEstComplete,Double,Assignment,Yes,Yes,Yes2,No,Yes2,No,Yes,Yes,Estimate to Complete,,,,
pmSV,Currency,Task,Yes,Yes,No,No,No,Yes,Yes,No,SV,,,,
pmSVI,Double,Task,Yes,Yes,No,No,No,Yes,Yes,No,SVI,,,,
pmTime,Date,Constraint,No,Yes,Yes,No,Yes,No,No,No,Constraint Date,,,,
pmTotalFloat,Duration,Task,No,Yes,Yes,No,Yes,No,No,No,Float,,,,
pmTrackMode,Enum,Project; Resource,No,Yes,Yes,No,Yes,No,No,No,Tracking Mode,,,,
pmType,Enum,Constraint,No,Yes,Yes,No,Yes,No,No,No,Constraint Type,,,,
pmType,Enum,Dependency,No,Yes,Yes,No,Yes,No,No,No,Dependency Type,,,,
pmType,Enum,Resource,No,Yes,Yes,No,Yes,No,No,No,Resource Type,,,,
pmUnit,Enum,Resource,No,Yes,Yes,No,Yes,No,No,No,Unit of Measure,,,,
pmUnusedAvailability,Curve,Team,Yes,Yes,No,No,No,Yes,Yes ?,No,Unused Availability,,,,
pmUpdatedBy,Text - 32,Task,No,Yes,Yes,No,No,No,No,No,Updated By,?,,,
pmUpdatedTime,Time,Task,No,Yes,Yes,No,No,No,No,No,Updated Time,?,,,
pmUserFlag1,Boolean,Resource,No,Yes,Yes,No,Yes,No,No,No,User Flag 1,,,,
pmUserFlag2,Boolean,Resource,No,Yes,Yes,No,Yes,No,No,No,User Flag 2,,,,
pmUserName,Text - 32,Project; Resource,No,Yes,Yes,No,Yes,No,No,No,User Name,,,,
pmUserNumber1,Double,Resource,No,Yes,Yes,No,Yes,No,No,No,User Number 1,,,,
pmUserNumber2,Double,Resource,No,Yes,Yes,No,Yes,No,No,No,User Number 2,,,,
pmUserText1,Text - 32,Project; Resource,No,Yes,Yes,No,Yes,No,No,No,User Text 1,,,,
pmUserText2,Text - 32,Project; Resource,No,Yes,Yes,No,Yes,No,No,No,User Text 2,,,,
pmUserText3,Text - 32,Project; Resource,No,Yes,Yes,No,Yes,No,No,No,User Text 3,,,,
pmUserText4,Text - 32,Project; Resource,No,Yes,Yes,No,Yes,No,No,No,User Text 4,,,,
pmVAC,Currency,Task,Yes,Yes,No,No,No,Yes,Yes,No,VAC,,,,
pmVariableAvail,Boolean,Team,Yes,Yes,No,No,No,Yes,Yes ?,No,Variable Availability?,,,,
pmVarianceCurve,Curve,Task; Project;Team,Yes,Yes,No,No,No,Yes,Yes,No,Usage Variance,,,,
pmVarianceCurve,Curve,Assignment,Yes,Yes,No,No,No,Yes,Yes,No,Usage Variance,,,,
pmVersion,Short,Project,No,Yes,Yes,No,Yes,No,No,No,Version,1,,,,
pmWBSLevel,Short,Task,No,Yes,Yes,Yes,No,No,Yes,No,,?,,,
pmWBSSequence,Array,Project,No,Yes,Yes ?,Yes,No,Yes,Yes,No,,,,,
pmWBSType,Enum,Task,Yes,Yes,No,No,No,Yes,Yes,No,Type,Changed to non-updatable based on document,,,Task: -2; Milestone: -1; Project: 0; User defined.,
