Object Name,Property Name,C,Type,Virtual,Visible,Updateable,Hidden,Editable,Transient,Field Rule,Caption
AdjRule;,ID,NOT IN CSV,4,FALSE,TRUE,TRUE,FALSE,TRUE,FALSE,FALSE,ID
AggregateField;,ID,NOT IN CSV,4,FALSE,TRUE,TRUE,FALSE,TRUE,FALSE,FALSE,ID
AggregateField;,SourceFieldID,NOT IN CSV,4,FALSE,TRUE,TRUE,FALSE,TRUE,FALSE,FALSE,Source Field ID
AggregateField;,TargetFieldID,NOT IN CSV,4,FALSE,TRUE,TRUE,FALSE,TRUE,FALSE,FALSE,Target Field ID
Assignment;,Calendar,NOT IN CSV,10,TRUE,TRUE,TRUE,FALSE,TRUE,FALSE,TRUE,
Assignment;,ID,NOT IN CSV,4,FALSE,TRUE,TRUE,FALSE,TRUE,FALSE,FALSE,
Assignment;,IDField,NOT IN CSV,1,FALSE,TRUE,TRUE,FALSE,TRUE,FALSE,FALSE,Defines the property that labels the object
Assignment;,ResourceID,NOT IN CSV,4,FALSE,TRUE,TRUE,FALSE,TRUE,FALSE,FALSE,
Assignment;,TaskID,NOT IN CSV,4,FALSE,TRUE,TRUE,FALSE,TRUE,FALSE,FALSE,Task ID
Calendar;,BaseCalendarID,NOT IN CSV,4,FALSE,TRUE,TRUE,FALSE,TRUE,FALSE,FALSE,
Calendar;,ID,NOT IN CSV,4,FALSE,TRUE,TRUE,FALSE,TRUE,FALSE,FALSE,ID
Calendar;,ResourceID,NOT IN CSV,4,FALSE,TRUE,TRUE,FALSE,TRUE,FALSE,FALSE,
ChargeCode;,ID,NOT IN CSV,4,FALSE,TRUE,TRUE,FALSE,TRUE,FALSE,FALSE,ID
Constraint;,ID,NOT IN CSV,4,FALSE,TRUE,TRUE,FALSE,TRUE,FALSE,FALSE,
Constraint;,IDField,NOT IN CSV,1,FALSE,TRUE,TRUE,FALSE,TRUE,FALSE,FALSE,Defines the property that labels the object
Constraint;,TaskID,NOT IN CSV,4,FALSE,TRUE,TRUE,FALSE,TRUE,FALSE,FALSE,Task ID
Custfieldvalue;,FieldName,NOT IN CSV,1,FALSE,TRUE,TRUE,FALSE,TRUE,FALSE,FALSE,Field Name
Custfieldvalue;,ID,NOT IN CSV,4,FALSE,TRUE,TRUE,FALSE,TRUE,FALSE,FALSE,
Custfieldvalue;,IDField,NOT IN CSV,1,FALSE,TRUE,TRUE,FALSE,TRUE,FALSE,FALSE,Defines the property that labels the object
Custfieldvalue;,RecordID,NOT IN CSV,4,FALSE,TRUE,TRUE,FALSE,TRUE,FALSE,FALSE,Record ID
Custfieldvalue;,TableName,NOT IN CSV,1,FALSE,TRUE,TRUE,FALSE,TRUE,FALSE,FALSE,Table Name
CustomEnum;,FieldID,NOT IN CSV,4,FALSE,TRUE,TRUE,FALSE,TRUE,FALSE,FALSE,Field ID
CustomEnum;,ID,NOT IN CSV,4,FALSE,TRUE,TRUE,FALSE,TRUE,FALSE,FALSE,ID
CustomField;,ID,NOT IN CSV,4,FALSE,TRUE,TRUE,FALSE,TRUE,FALSE,FALSE,ID
Deliverable;,ID,NOT IN CSV,4,FALSE,TRUE,TRUE,FALSE,TRUE,FALSE,FALSE,
Deliverable;,IDField,NOT IN CSV,1,FALSE,TRUE,TRUE,FALSE,TRUE,FALSE,FALSE,Defines the property that labels the object
Deliverable;,ProjectID,NOT IN CSV,4,FALSE,TRUE,TRUE,FALSE,TRUE,FALSE,FALSE,Project ID
Dependency;,ID,NOT IN CSV,4,FALSE,TRUE,TRUE,FALSE,TRUE,FALSE,FALSE,
Dependency;,IDField,NOT IN CSV,1,FALSE,TRUE,TRUE,FALSE,TRUE,FALSE,FALSE,Defines the property that labels the object
Dependency;,PredTaskID,NOT IN CSV,4,FALSE,TRUE,TRUE,FALSE,TRUE,FALSE,FALSE,Predecessor
Dependency;,SuccTaskID,NOT IN CSV,4,FALSE,TRUE,TRUE,FALSE,TRUE,FALSE,FALSE,Successor
Estmodel;,ID,NOT IN CSV,4,FALSE,TRUE,TRUE,FALSE,TRUE,FALSE,FALSE,
EstModel;,ID,NOT IN CSV,4,FALSE,TRUE,TRUE,FALSE,TRUE,FALSE,FALSE,ID
Estmodel;,IDField,NOT IN CSV,1,FALSE,TRUE,TRUE,FALSE,TRUE,FALSE,FALSE,Defines the property that labels the object
Estmodel;,Name,NOT IN CSV,1,FALSE,TRUE,TRUE,FALSE,TRUE,FALSE,FALSE,Name
Estmodel;,ProjectID,NOT IN CSV,4,FALSE,TRUE,TRUE,FALSE,TRUE,FALSE,FALSE,Project ID
M-Assignment;,ID,NOT IN CSV,4,FALSE,TRUE,TRUE,FALSE,TRUE,FALSE,FALSE,ID
M-Assignment;,ResourceID,NOT IN CSV,4,FALSE,TRUE,TRUE,FALSE,TRUE,FALSE,FALSE,Resource ID
M-Assignment;,TaskID,NOT IN CSV,4,FALSE,TRUE,TRUE,FALSE,TRUE,FALSE,FALSE,Task ID
M-Deliverable;,ID,NOT IN CSV,4,FALSE,TRUE,TRUE,FALSE,TRUE,FALSE,FALSE,ID
M-Deliverable;,MethodID,NOT IN CSV,4,FALSE,TRUE,TRUE,FALSE,TRUE,FALSE,FALSE,Method ID
M-Deliverable;,WBSLevel,NOT IN CSV,11,FALSE,TRUE,TRUE,FALSE,TRUE,FALSE,FALSE,WBS Level
M-Deliverable;,WBSSequence,NOT IN CSV,11,FALSE,TRUE,TRUE,FALSE,TRUE,FALSE,FALSE,WBS Sequence
M-Dependency;,ID,NOT IN CSV,4,FALSE,TRUE,TRUE,FALSE,TRUE,FALSE,FALSE,ID
M-Dependency;,PredTaskID,NOT IN CSV,4,FALSE,TRUE,TRUE,FALSE,TRUE,FALSE,FALSE,Pred Task ID
M-Dependency;,SuccTaskID,NOT IN CSV,4,FALSE,TRUE,TRUE,FALSE,TRUE,FALSE,FALSE,Succ Task ID
Method;,ID,NOT IN CSV,4,FALSE,TRUE,TRUE,FALSE,TRUE,FALSE,FALSE,ID
Method;,WBSValidate,NOT IN CSV,5,FALSE,TRUE,TRUE,FALSE,TRUE,FALSE,TRUE,WBS Validate
M-Task;,ID,NOT IN CSV,4,FALSE,TRUE,TRUE,FALSE,TRUE,FALSE,FALSE,ID
M-Task;,MethodID,NOT IN CSV,4,FALSE,TRUE,TRUE,FALSE,TRUE,FALSE,FALSE,Method ID
M-Task;,WBSLevel,NOT IN CSV,11,FALSE,TRUE,TRUE,FALSE,TRUE,FALSE,TRUE,WBS Level
M-Task;,WBSSequence,NOT IN CSV,11,FALSE,TRUE,TRUE,FALSE,TRUE,FALSE,FALSE,WBS Sequence
M-TaskEstimate;,EstModelID,NOT IN CSV,4,FALSE,TRUE,TRUE,FALSE,TRUE,FALSE,FALSE,Est Model ID
M-TaskEstimate;,ID,NOT IN CSV,4,FALSE,TRUE,TRUE,FALSE,TRUE,FALSE,FALSE,ID
M-TaskEstimate;,TaskID,NOT IN CSV,4,FALSE,TRUE,TRUE,FALSE,TRUE,FALSE,FALSE,Task ID
Note;,ID,NOT IN CSV,4,FALSE,TRUE,TRUE,FALSE,TRUE,FALSE,FALSE,ID
Note;,RecordID,NOT IN CSV,4,FALSE,TRUE,TRUE,FALSE,TRUE,FALSE,FALSE,Record ID
Note;,TableName,NOT IN CSV,1,FALSE,TRUE,TRUE,FALSE,TRUE,FALSE,FALSE,Table Name
Package;,ID,NOT IN CSV,4,FALSE,TRUE,TRUE,FALSE,TRUE,FALSE,FALSE,ID
Package;,MethodID,NOT IN CSV,4,FALSE,TRUE,TRUE,FALSE,TRUE,FALSE,FALSE,Method ID
PackageMember;,ID,NOT IN CSV,4,FALSE,TRUE,TRUE,FALSE,TRUE,FALSE,FALSE,ID
PackageMember;,PackageID,NOT IN CSV,4,FALSE,TRUE,TRUE,FALSE,TRUE,FALSE,FALSE,Package ID
PackageMember;,RecordID,NOT IN CSV,4,FALSE,TRUE,TRUE,FALSE,TRUE,FALSE,FALSE,Record ID
PackageMember;,TableName,NOT IN CSV,1,FALSE,TRUE,TRUE,FALSE,TRUE,FALSE,FALSE,Table Name
Page;,ID,NOT IN CSV,4,FALSE,TRUE,TRUE,FALSE,TRUE,FALSE,FALSE,ID
Page;,MethodID,NOT IN CSV,4,FALSE,TRUE,TRUE,FALSE,TRUE,FALSE,FALSE,Method ID
PageMember;,FieldID,NOT IN CSV,4,FALSE,TRUE,TRUE,FALSE,TRUE,FALSE,FALSE,Field ID
PageMember;,ID,NOT IN CSV,4,FALSE,TRUE,TRUE,FALSE,TRUE,FALSE,FALSE,ID
PageMember;,PageID,NOT IN CSV,4,FALSE,TRUE,TRUE,FALSE,TRUE,FALSE,FALSE,Page ID
PageMember;,Sequence,NOT IN CSV,11,FALSE,TRUE,TRUE,FALSE,TRUE,FALSE,FALSE,Sequence
Project;,Calendar,NOT IN CSV,10,TRUE,TRUE,TRUE,FALSE,TRUE,FALSE,TRUE,Calendar
Project;,ChargeCodeID,NOT IN CSV,4,FALSE,TRUE,TRUE,FALSE,TRUE,FALSE,FALSE,Charge Code
Project;,ID,NOT IN CSV,4,FALSE,TRUE,TRUE,FALSE,TRUE,FALSE,FALSE,
Project;,IDField,NOT IN CSV,1,FALSE,TRUE,TRUE,FALSE,TRUE,FALSE,FALSE,Defines the property that labels the object
Project;,IsFullyPopulated,NOT IN CSV,5,FALSE,TRUE,TRUE,FALSE,TRUE,FALSE,FALSE,IsFullyPopulated
Resource;,AvailDefault,NOT IN CSV,6,FALSE,TRUE,TRUE,FALSE,TRUE,FALSE,FALSE,Default Availability
Resource;,Calendar,NOT IN CSV,10,FALSE,TRUE,TRUE,FALSE,TRUE,FALSE,TRUE,Calendar
Resource;,CalendarID,NOT IN CSV,4,FALSE,TRUE,TRUE,FALSE,TRUE,FALSE,FALSE,Calendar ID
Resource;,ID,NOT IN CSV,4,FALSE,TRUE,TRUE,FALSE,TRUE,FALSE,FALSE,ID
Resource;,TypeCodeID,NOT IN CSV,4,FALSE,TRUE,TRUE,FALSE,TRUE,FALSE,FALSE,Type Code
Site;,Calendar,NOT IN CSV,10,FALSE,TRUE,TRUE,FALSE,TRUE,FALSE,FALSE,Calendar
Site;,CalendarID,NOT IN CSV,4,FALSE,TRUE,TRUE,FALSE,TRUE,FALSE,FALSE,Calendar ID
Site;,EMailName,NOT IN CSV,1,FALSE,TRUE,TRUE,FALSE,TRUE,FALSE,FALSE,EMail Name
Site;,EMailPassword,NOT IN CSV,1,FALSE,TRUE,TRUE,FALSE,TRUE,FALSE,FALSE,Email Password
Site;,EMailSpec,NOT IN CSV,1,FALSE,TRUE,TRUE,FALSE,TRUE,FALSE,FALSE,Email Spec
Site;,GuidelineURL,NOT IN CSV,1,TRUE,TRUE,FALSE,FALSE,FALSE,TRUE,TRUE,Guideline URL
Site;,ID,NOT IN CSV,4,FALSE,TRUE,TRUE,FALSE,TRUE,FALSE,FALSE,ID
Site;,Name,NOT IN CSV,1,FALSE,TRUE,TRUE,FALSE,TRUE,FALSE,FALSE,Name
Site;,Version,NOT IN CSV,4,FALSE,TRUE,TRUE,FALSE,TRUE,FALSE,FALSE,Version
Subprojectlink;,Filename,NOT IN CSV,1,FALSE,TRUE,TRUE,FALSE,TRUE,FALSE,FALSE,Filename
Subprojectlink;,ID,NOT IN CSV,4,FALSE,TRUE,TRUE,FALSE,TRUE,FALSE,FALSE,
Subprojectlink;,IDField,NOT IN CSV,1,FALSE,TRUE,TRUE,FALSE,TRUE,FALSE,FALSE,Defines the property that labels the object
Subprojectlink;,ProjectExtID,NOT IN CSV,1,FALSE,TRUE,TRUE,FALSE,TRUE,FALSE,FALSE,ProjectExtID
Subprojectlink;,TaskExtID,NOT IN CSV,1,FALSE,TRUE,TRUE,FALSE,TRUE,FALSE,FALSE,
Subprojectlink;,TaskID,NOT IN CSV,4,FALSE,TRUE,TRUE,FALSE,TRUE,FALSE,FALSE,Task ID
Task;,Calendar,NOT IN CSV,10,TRUE,TRUE,TRUE,FALSE,TRUE,FALSE,TRUE,
Task;,CriticalPath,NOT IN CSV,5,TRUE,TRUE,FALSE,FALSE,FALSE,FALSE,TRUE,Critical Path?
Task;,ID,NOT IN CSV,4,FALSE,TRUE,TRUE,FALSE,TRUE,FALSE,FALSE,
Task;,IDField,NOT IN CSV,1,FALSE,TRUE,TRUE,FALSE,TRUE,FALSE,FALSE,Defines the property that labels the object
Task;,ProjectID,NOT IN CSV,4,FALSE,TRUE,TRUE,FALSE,TRUE,FALSE,FALSE,Project ID
Taskestimate;,EstModelID,NOT IN CSV,4,FALSE,TRUE,TRUE,FALSE,TRUE,FALSE,FALSE,Estimate Model ID
Taskestimate;,ID,NOT IN CSV,4,FALSE,TRUE,TRUE,FALSE,TRUE,FALSE,FALSE,
Taskestimate;,IDField,NOT IN CSV,1,FALSE,TRUE,TRUE,FALSE,TRUE,FALSE,FALSE,Defines the property that labels the object
Taskestimate;,TaskID,NOT IN CSV,4,FALSE,TRUE,TRUE,FALSE,TRUE,FALSE,FALSE,Task ID
Team;,Calendar,NOT IN CSV,10,TRUE,TRUE,TRUE,FALSE,TRUE,FALSE,TRUE,
Team;,ID,NOT IN CSV,4,FALSE,TRUE,TRUE,FALSE,TRUE,FALSE,FALSE,
Team;,IDField,NOT IN CSV,1,FALSE,TRUE,TRUE,FALSE,TRUE,FALSE,FALSE,Defines the property that labels the object
Team;,ProjectID,NOT IN CSV,4,FALSE,TRUE,TRUE,FALSE,TRUE,FALSE,FALSE,Project ID
Team;,ResourceID,NOT IN CSV,4,FALSE,TRUE,TRUE,FALSE,TRUE,FALSE,FALSE,
TimePeriod;,Finish,NOT IN CSV,9,FALSE,TRUE,TRUE,FALSE,TRUE,FALSE,FALSE,Finish
TimePeriod;,ID,NOT IN CSV,4,FALSE,TRUE,TRUE,FALSE,TRUE,FALSE,FALSE,ID
TimePeriod;,IsOpen,NOT IN CSV,5,FALSE,TRUE,TRUE,FALSE,TRUE,FALSE,FALSE,Open
TimePeriod;,Name,NOT IN CSV,1,FALSE,TRUE,TRUE,FALSE,TRUE,FALSE,FALSE,Name
TimePeriod;,PostedBy,NOT IN CSV,1,FALSE,TRUE,TRUE,FALSE,TRUE,FALSE,FALSE,Posted By
TimePeriod;,PostedTime,NOT IN CSV,9,FALSE,TRUE,TRUE,FALSE,TRUE,FALSE,FALSE,Posted Time
TimePeriod;,Start,NOT IN CSV,9,FALSE,TRUE,TRUE,FALSE,TRUE,FALSE,FALSE,Start
TypeCode;,ID,NOT IN CSV,4,FALSE,TRUE,TRUE,FALSE,TRUE,FALSE,FALSE,ID
