ActCurve,Curve - Usg,Assignment,No,Yes-m,Yes-m,No,Yes-m,No,No,Yesc;aj,Actual Usage,,,,
ActCurve,Curve - Usg,Task; Project; Team,Yes,Yes-m,No,No-m,No,Yes,Yes?,No,Actual Usage,,,,
ActThru,Date - PM,Assignment,No,Yes-m,Yes-m,No,Yes-m,No,No,Yesaj,Actuals Thru Date,,,,
ActualPctSpent,Double - %,Task,Yes,Yes,No,No,No,Yes,Yes!,No,Actual % Spent,,,,
ACWP,Double - $,Task,Yes,Yes,No,No,No,Yes,Yes!,No,ACWP,,,,
AllocCurve,Curve - %,Project,Yes,Yes,No,Yes,No,Yes,Yes!,No,,,,,
AllocCurve,Curve - %,Team,No,Yes,Yes-p,Yes,No,No,No,No,,dflt=100%,,,
Amount,Duration,Dependency; M.Dependency,No,Yes,Yes,No,Yes,No,No,No,Lag,0,,,
AmountType,Enum,Dependency; M.Dependency,No,Yes,Yes,No,Yes,No,No,No,Lag Type,0,,Daily:0;Percent:1,
ApprovedTime,Date - PM,Project,No,Yes,Yes,No,Yes,No,No,No,Approved Time,,,,
AsOf,Date - PM,Project,No,Yes,Yes,No,Yes,No,No,No,As Of Date,,,,
AV,Double - $,Task,Yes,Yes,No,No,No,Yes,Yes!,No,AV,,,,
Availability,Curve - Usg,Project,Yes,Yes,No,No,No,Yes,Yes!,No,Project Availability,,,,
Availability,Curve - Usg,Team,Yes,Yes,Yes-p,No,Yes-p,Yes,Yes!,Yes!,Project Availability,,,,
AvailCurve,Curve,Resource,No,Yes,Yes,Yes,No,No,No,No,,,,,
AvailFinish,Date - PM,Project,Yes,Yes,No,No,No,No,Yes!,No,Resource End,,,,
AvailFinish,Date - PM,Team,No,Yes,Yes-p,No,Yes-p,No,Yes,Yessf,Resource End,,,,
AvailStart,Date,Project,Yes,Yes,No,No,No,No,Yes!,No,Resource Start,,,,
AvailStart,Date,Team,No,Yes,Yes-p,No,Yes-p,No,Yes,Yessf,Resource Start,,,,
AvailUnit,Enum,Resource,No,Yes,Yes,No,Yes,No,No,No,Availability Units,0,,Daily:0;Weekly:1;Percent:2,
BAC,Double - $,Task,Yes,Yes,No,No,No,Yes,Yes!,No,BAC,,,,
BaseCurve,Curve - Usg,Assignment,No,Yes-m,Yes-m,No,No,No,No,No,Baseline Usage,,,,
BaseCurve,Curve - Usg,Task; Project; Team,Yes,Yes-m,No,No-m,No,Yes,Yes?,No,Baseline Usage,,,,
BaseDuration,Duration,Task,No,Yes,Yes,No,No,No,No,No,Baseline Duration,,,,
BaseFinish,Date - PM,Task,No,Yes,Yes-s,No,No,No,Yes?,Yessf,Baseline End,,,,
BaseIsFixed,Boolean,Task,No,Yes,Yes,No,No,No,No,No,Baseline Fixed Duration?,,,,
Baselined,Boolean,Task,Yes,Yes,No,No,No,Yes,Yes!,No,Baselined?,,,,
BaseMax,Double - %,Assignment,No,Yes-m,Yes-m,No,No,No,No,No,Baseline Max % Load,,>0,,
BasePattern,Enum,Assignment,No,Yes-m,Yes-m,No,No,No,No,No,Baseline Loading Pattern,,,Uniform:0;Fixed:1;Contour:2;Front:3;Back:4,
BaseStart,Date,Task,No,Yes,Yes-s,No,No,No,Yes?,Yessf,Baseline Start,,,,
BaseTime,Time,Task,No,Yes,Yes,No,No,No,No,No,Baseline Time,,,,
BCWP,Double - $,Task,Yes,Yes,No,No,No,Yes,Yes!,No,BCWP,,,,
BCWS,Double - $,Task,Yes,Yes,No,No,No,Yes,Yes!,No,BCWS,,,,
Budget,Double - $,Project,No,Yes,Yes,No,Yes,No,No,No,Budget,,,,
CActFinish,Date - PM,Project,No,Yes,Yes,No,Yes,No,No,No,Commited Actuals End,,,,
CActStart,Date,Project,No,Yes,Yes,No,Yes,No,No,No,Committed Actuals Start,,,,
Caption,Text - 64,CustomEnum,No,Yes,Yes,No,Yes,No,No,No,Caption,,,,
Caption,Text - 254,CustomField,No,Yes,Yes,No,Yes,No,No,No,Caption,,,,
Category,Text - 32,Resource; Task; M.Task; Note; Deliverable; M.Deliverable; Package,No,Yes,Yes,No,Yes,No,No,No,Category,,,,
ClosedTime,Date,Project,No,Yes,Yes,No,Yes,No,No,No,Closed Time,,,,
Constraint,Text - 254,CustomField,No,Yes,Yes,No,Yes,No,No,No,Constraint,,,,
Count,Double,Resource,No,Yes,Yes,No,Yes,No,No,No,Count,1,1,,
CPI,Double,Task,Yes,Yes,No,No,No,Yes,Yes!,No,CPI,,,,
CPMType,Enum,Project,No,Yes,Yes,No,Yes,No,No,No,Critical Path Type,0,,Baseline:1;Current:0,
CreatedBy,Text - 32,Note,No,Yes,Yes,No,No,No,No,No,Created By,?,,,
CreatedTime,Time,Note,No,Yes,Yes,No,No,No,No,No,Created Time,system time,,,
CriticallyLate,Boolean,Task,Yes,Yes,No,No,No,Yes,Yes!,No,Critically Late?,,,,
CV,Double - $,Task,Yes,Yes,No,No,No,Yes,Yes!,No,CV,,,,
CVI,Double,Task,Yes,Yes,No,No,No,Yes,Yes!,No,CVI,,,,
Default,Text - 64,CustomField,No,Yes,Yes,No,Yes,No,No,No,Default,,,,
Deliverable,Text - 32,Task,No,Yes,Yes,No,Yes,No,No,No,Deliverable,,,,
Department,Text - 32,Project,No,Yes,Yes,No,Yes,No,No,No,Department,,,,
Description,Text - 254,Project,No,Yes,Yes,No,Yes,No,No,No,Description,,,,
DOH,Date,Resource,No,Yes,Yes,No,Yes,No,No,Yessf,Date of Hire,,,,
DOT,Date - PM,Resource,No,Yes,Yes,No,Yes,No,No,Yessf,Date of Termination,,,,
Duration,Duration,Task; M.Task,No,Yes,Yes,No,Yes,No,No,Yessf,Duration,?,0,,
DurationVariance,Duration,Task,Yes,Yes,No,No,No,Yes,Yes!,No,Duration Variance,,,,
EAC,Double - $,Task,Yes,Yes,No,No,No,Yes,Yes!,No,EAC,,,,
EACCurve,Curve - Usg,Assignment,Yes,Yes-m,No,No,No,Yes,Yes,No,Total Usage,,,,
EACCurve,Curve - Usg,Task; Project; Team,Yes,Yes-m,No,No-m,No,Yes,Yes?,No,Total Usage,,,,
EachAvail,Curve - Usg,Project,Yes,Yes,No,No,No,Yes,Yes!,No,Each Available,,,,
EachAvail,Curve - Usg,Team,Yes,Yes,Yes,No,Yes,Yes,Yes!,Yes!,Each Available,,,,
EarlyFinish,Date - PM,Task,No,Yes,Yes,No,No,No,No,Yessf,Early End,,,,
EarlyStart,Date,Task,No,Yes,Yes,No,No,No,No,Yessf,Early Start,,,,
EndVariance,Duration,Task,Yes,Yes,No,No,No,Yes,Yes!,No,End Variance,,,,
EndVsLateEnd,Duration,Task,Yes,Yes,No,No,No,Yes,Yes!,No,End vs. Late End,,,,
EstCurve,Curve - Usg,Assignment,No,Yes-m,Yes-m,No,Yes-m,No,No,Yesc;aj,Estimate to Complete,,,,
EstCurve,Curve - Usg,Task; Project; Team,Yes,Yes-m,No,No-m,No,Yes,Yes?,No,Estimate to Complete,,,,
EstInActualsPeriod,Double - Usg,Assignment; Task,Yes,Yes-m,No,No,No,Yes,Yes?;!,No,Estimate in Actuals Period,,,,
EstMax,Double,Assignment,No,Yes-m,Yes-m,No,Yes-m,No,No,No,Max % Load,1,>0,,
EstPattern,Enum,Assignment,No,Yes-m,Yes-m,No,Yes-m,No,No,No,Loading Pattern,2,,Uniform:0;Fixed:1;Contour:2;Front:3;Back:4,
ExternalID,Text - 16,Task; M.Task; Deliverable; M.Deliverable; Project; Method; Resource; ChargeCode; TypeCode,No,Yes,Yes,No,Yes,No,No,Yes!,ID,see rule,,,
ExtType,Enum,CustomField,No,Yes,Yes,No,Yes,No,No,No,Type,"""double"" (what num. value?)",,Money:0; Date:1; Time:2; Boolean:3; Percent:4; Enum:5; Reference:6; Memo:7; Aggregate:8,
FieldName,Text - 16,CustomField,No,Yes,Yes,No,No,No,No,No,Field,,,,
Filename,Text - 254,Project; Method,No,Yes,Yes,No,No,No,No,No,Filename,,,,
Filename,Text - 254,SubprojectLink,No,Yes,Yes,No,Yes,No,Yes,No,Filename,,,,
FinishImposed,Boolean,Project,No,Yes,Yes,No,Yes,No,No,No,End Imposed,,,,
FiscalStart,Date,Project,No,Yes,Yes,No,Yes,No,No,No,Fiscal Start,1/1 of system time.year,,,
Format,Enum,Project,No,Yes,Yes,No,Yes,No,No,No,Format,0,,Unknown:0;FIX 2.0:1;FIX 3.0:2;FIX 4.0:6;MPX English 4.0:3;MPX German 4.0:4;MPX French 4.0:5;MPX Spanish 4.0:9;MPX Danish 4.0:10;ACA:7;GRP:8;MPP:11,
Formula,Text - Memo,TaskEstimate; M.TaskEstimate,No,Yes,Yes,No,Yes,No,No,No,Formula,,,,
Guidelines,Text - 254,Project; Method; Site; Task; M.Task; Deliverable; M.Deliverable; Page; CustomField,No,Yes,Yes,No,Yes,No,No,No,Guideline URL,empty,,,
GuidelineURL,Text - 254,Site; Project; Method; Task; M.Task; Deliverable; M.Deliverable; Page; CustomField,Yes,Yes,No,No,No,Yes,Yes!,No,Guideline URL,,,,
Hidden,Boolean,Package,No,Yes,Yes,Yes,No,No,No,No,,,,,
IncludeRes,Boolean,SubprojectLink,No,Yes,Yes,No,Yes,No,No,No,Include Resources?,true,,,
InterprojectDependencies,Boolean,Task,Yes,Yes,No,No,No,Yes,Yes!,No,Interproject Dependencies?,,,,
IsApproved,Boolean,Project,Yes,Yes,No,No,No,Yes,Yes!,Yes!,Is Approved?,,,,
IsClosed,Boolean,Project,Yes,Yes,No,No,No,Yes,Yes!,Yes!,Is Closed?,,,,
IsCritical,Boolean,Task,Yes,Yes,No,No,No,No,Yes!,No,Critical Path?,,,,
IsExternal,Boolean,Task,No,Yes,Yes,No,No,No,No,No,External?,false,,,
IsFixed,Boolean,Task; M.Task,No,Yes,Yes,No,Yes,No,No,Yes,Fixed Duration?,,,,
IsKey,Boolean,Task,No,Yes,Yes,No,Yes,No,No,No,Key Task?,,,,
IsLocked,Boolean,SubprojectLink,No,Yes,Yes,No,Yes,No,No,No,Lock for Scheduling?,false,,,
IsLocked,Boolean,Task,No,Yes,Yes,No,Yes,No,No,No,Locked?,,,,
IsMaster,Boolean,Project,No,Yes,Yes,Yes,No,Yes,No,No,,,,,
IsMilestone,Boolean,Task; M.Task,No,Yes,Yes,No,Yes,No,No,Yes!,Milestone?,,,,
IsOpen,Boolean,Project; Resource; Team; ChargeCode; TypeCode,No,Yes,Yes,No,Yes,No,No,No,Open for Time Capture?,,,,
IsPendActSumSet,Boolean,Assignment; Task,Yes,Yes-m,No,No,No,No,Yes?;!,No,Pending Actuals?,,,,
IsPendEstSumSet,Boolean,Assignment; Task,Yes,Yes-m,No,No,No,No,Yes?;!,No,Pending Estimate?,,,,
IsPrioritySet,Boolean,Task,Yes,Yes,Yes,No,Yes,Yes,Yes!,Yes!,Priority?,,,,
IsReadOnly,Boolean,SubprojectLink,No,Yes,Yes,No,Yes,No,No,No,Read Only?,false,,,
IsRole,Boolean,Resource,No,Yes,Yes,No,Yes,No,No,No,Role?,,,,
IsTask,Boolean,Task; M.Task,No,Yes,Yes-s,No,Yes-s,No,No,Yes,Detail Task?,true,,,
IsUnplanned,Boolean,Task; Assignment,No,Yes,Yes,No,Yes,No,No,No,Unplanned?,,,,
LateFinish,Date - PM,Task,No,Yes,Yes,No,No,No,No,Yessf,Late End,,,,
LateStart,Date,Task,No,Yes,Yes,No,No,No,No,Yessf,Late Start,,,,
LocaleID,Long,Site; Currency,No,Yes,Yes,No,Yes,No,No,No,,,,,
LockedBy,Text - 32,Project,No,Yes,Yes,No,No,Yes,No,No,Locked By,,,,
LockedByMe,Boolean,Project,No,Yes,Yes,Yes,No,Yes,No,No,,,,,
Manager,Text - 32,Project,No,Yes,Yes,No,Yes,No,No,No,Manager,,,,
ManagerID,Text - 16,Project,No,Yes,Yes,No,Yes,No,No,No,Manager ID,,,,
MaxActualsThru,Date - PM,Task; Project,Yes,Yes,No,No,No,Yes,Yes?;!,No,Latest Actuals Thru,,,,
MethodExtID,Text - 16,Task,No,Yes,Yes,No,Yes,No,No,No,Method ID,,,,
MinActualsThru,Date,Task; Project,Yes,Yes,No,No,No,Yes,Yes?;!,No,Earliest Actuals Thru,,,,
ModBy,Text - 32,Note,No,Yes,Yes,No,No,No,No,No,Modified By,,,,
ModTime,Time,Note,No,Yes,Yes,No,No,No,No,No,Modified Time,,,,
Name,Text - 32,Calendar; Project; Method; Resource; ChargeCode; TypeCode; EstModel; G.EstModel; AdjRule; Page; Package; CustomField,No,Yes,Yes,No,Yes,No,No,No,Name,,,,
Name,Text - 64,Task; M.Task; Deliverable; M.Deliverable,No,Yes,Yes,No,Yes,No,No,No,Name,,,,
Navigation,Text - Memo,Page,No,Yes,Yes,No,Yes,No,No,No,Next Page,,,,
NewEACSum,Double - Usg,Assignment; Task,Yes,Yes-m,No,No,No,No,Yes?;!,No,New Total Usage,,,,
Overcommitted,Boolean,Task,Yes,Yes,No,No,No,Yes,Yes!,No,Overcommitted?,,,,
Override,Boolean,TaskEstimate,No,Yes,Yes,No,Yes,No,No,No,Override?,false,,,
OvertimeRate,Double - $,Resource,No,Yes,Yes,Yes,No,No,No,No,,,,,
PctComplete,Double - %,Project,No,Yes,Yes,No,Yes,No,No,No,% Complete at Start,,0/100,,
PctComplete,Double - %,Task,No,Yes,Yes,No,Yes,No,No,Yes?,Percent Complete,0,0/100,,
PctExpended,Double - %,Task,Yes,Yes,No,No,No,Yes,Yes!,No,Percent Expended,,,,
PendActSum,Double - Usg,Assignment; Task,No,Yes-m,Yes-m,No,Yes-m,No,Yes?,No,Pending Actuals,,,,
PendEstSum,Double - Usg,Assignment; Task,No,Yes-m,Yes-m,No,Yes-m,No,Yes?;!,No,Pending Estimate,,,,
PendingFinish,Date,Project,No,Yes,Yes,No,Yes,No,No,No,Pending End,,,,
PendingVariance,Double - Usg,Assignment; Task,Yes,Yes-m,No,No,No,No,Yes?;!,No,Pending Variance,,,,
PerformancePctComplete,Double - %,Task,Yes,Yes,No,No,No,Yes,Yes!,No,Perform % Complete,,,,
Phonetics,Text - 32,Resource,No,Yes,Yes,Yes,Yes,No,No,No,,,,,
Priority,Short,Project,No,Yes,Yes,No,Yes,No,Yes,No,Priority,10,0/36,,
Priority,Short,Task,No,Yes,Yes,No,Yes,No,Yes,No,Priority,,0/36,,
Program,Text - 32,Project,No,Yes,Yes,No,Yes,No,No,No,Program,,,,
ProjectExtID,Text - 16,SubprojectLink,No,Yes,Yes,No,Yes,No,Yes,No,Project ID,,,,
Rate,Double - $,Currency,No,Yes,Yes,No,Yes,No,No,No,,,,,
Rate,Double - $,Resource,No,Yes,Yes,No,Yes,No,No,No,Billing Rate,1,,,
ReadOnlyRight,Boolean,Project,No,Yes,Yes,Yes,No,Yes,No,No,,,,,
RecCondition,Text - Memo,Package,No,Yes,Yes,No,Yes,No,No,No,Condition,,,,
RequestedBy,Text - 32,Project,No,Yes,Yes,No,Yes,No,No,No,Requested By,,,,
RequestedTime,Date,Project,No,Yes,Yes,No,Yes,No,No,No,Requested Time,,,,
SchedulePctComplete,Double - %,Task,Yes,Yes,No,No,No,Yes,Yes!,No,Schedule % Complete,,,,
Sequence,Short,Page; PageMember,No,Yes,Yes,Yes,No,No,No,No,,,,,
ShortName,Text - 16,Task; M.Task,No,Yes,Yes,No,Yes,No,No,No,Short Name,,,,
ShowDetail,Boolean,SubprojectLink,No,Yes,Yes,No,Yes,No,No,No,Show Detail Tasks?,true,,,
SizeAdjust,Double - %,Project,No,Yes,Yes,No,Yes,No,No,No,Size Adjustment,0,,,
SizeAdjustOn,Boolean,Project,No,Yes,Yes,No,Yes,No,No,No,Size Adjustment Active,false,,,
SPI,Double,Task,Yes,Yes,No,No,No,Yes,Yes!,No,SPI,,,,
SponsoredBy,Text - 32,Project,No,Yes,Yes,No,Yes,No,No,No,Sponsored By,,,,
Start,Date,Project; Task; Assignment,No,Yes,Yes-s;-a,No,Yes-s;-a,No,Yes?,Yessf;aj,Start,system time @ start of day,,,
StartImposed,Boolean,Project,No,Yes,Yes,No,Yes,No,No,No,Start Imposed,,,,
StartVariance,Duration,Task,Yes,Yes,No,No,No,Yes,Yes!,No,Start Variance,,,,
Status,Enum,Task; Assignment,No,Yes,Yes-s,No,Yes-s,No,Yes?,Yes!;aj,Status,0,,Not started:0;Started:1;Completed:2,
Summarize,Boolean,SubprojectLink,No,Yes,Yes,No,Yes,No,No,No,Summarize Resources?,false,,,
SV,Double - $,Task,Yes,Yes,No,No,No,Yes,Yes!,No,SV,,,,
SVI,Double,Task,Yes,Yes,No,No,No,Yes,Yes!,No,SVI,,,,
TaskExtID,Text - 16,SubprojectLink,No,Yes,Yes,No,Yes,No,Yes,No,Task ID,,,,
TaskMilestone,Boolean,Assignment,No,Yes,Yes,Yes,No,Yes,No,No,,,,,
Time,Date!,Constraint,No,Yes,Yes,No,Yes,No,No,No,Constraint Date,,,,
TotalFloat,Duration,Task,Yes,Yes,No,No,No,No,Yes!,No,Float,,,,
TrackMode,Enum,Project; Resource,No,Yes,Yes,No,Yes,No,No,No,Tracking Mode,0,,None:0;Other:1;Team:2,
TrackScale,Enum,Site,No,Yes,Yes,No,Yes,No,No,No,Tracking Scale,2,,Daily:1;Weekly:2;Biweekly:3;Monthly:4;Quarterly:5;Semiannual:6;Annual:7,
Type,Enum,Constraint,No,Yes,Yes,No,Yes,No,No,No,Constraint Type,7,,As Late As Possible:1;As Soon As Possible:2;Finish No Earlier Than:3;Finish No Later Than:4;Must Finish On:5;Must Start On:6;Start No Earlier Than:7;Start No Later Than:8,
Type,Enum,CustomField,No,Yes,Yes,No,Yes,No,No,No,Type,,,,
Type,Enum,Dependency; M.Dependency,No,Yes,Yes,No,Yes,No,No,No,Dependency Type,0,,Finish-Start:0;Start-Start:1;Finish-Finish:2;Start-Finish:3,
Type,Enum,Resource,No,Yes,Yes,No,Yes,No,No,No,Resource Type,0,,Employee:0;Contractor:1,
Unit,Enum,Resource,No,Yes,Yes,No,Yes,No,No,Yes!,Unit of Measure,0,,Days:0;Hours:1;Cost:2;Quantity:3,
UnusedAvailability,Curve - Usg,Project,Yes,Yes,No,No,No,Yes,Yes!,No,Unused Availability,,,,
UnusedAvailability,Curve - Usg,Team,Yes,Yes,No,No,No,Yes,Yes,No,Unused Availability,,,,
UserFlag1,Boolean,Resource,No,Yes,Yes,No,Yes,No,No,No,User Flag 1,,,,
UserFlag2,Boolean,Resource,No,Yes,Yes,No,Yes,No,No,No,User Flag 2,,,,
UserName,Text - 32,Project; Resource,No,Yes,Yes,No,Yes,No,No,No,User Name,,,,
UserNumber1,Double,Resource,No,Yes,Yes,No,Yes,No,No,No,User Number 1,,,,
UserNumber2,Double,Resource,No,Yes,Yes,No,Yes,No,No,No,User Number 2,,,,
UserText1,Text - 32,Project; Resource,No,Yes,Yes,No,Yes,No,No,No,User Text 1,,,,
UserText2,Text - 32,Project; Resource,No,Yes,Yes,No,Yes,No,No,No,User Text 2,,,,
UserText3,Text - 32,Project; Resource,No,Yes,Yes,No,Yes,No,No,No,User Text 3,,,,
UserText4,Text - 32,Project; Resource,No,Yes,Yes,No,Yes,No,No,No,User Text 4,,,,
VAC,Double - $,Task,Yes,Yes,No,No,No,Yes,Yes!,No,VAC,,,,
Value,Text - Memo,AdjRule,No,Yes,Yes,No,Yes,No,No,No,Value,,,,
Value,Calendar,Calendar,No,Yes,Yes,No,Yes,No,No,No,,,,,
Value,Short,CustomEnum,No,Yes,Yes,No,Yes,No,No,No,Value,,,,
Value,String,CustFieldValue,No,Yes,Yes,No,Yes,No,No,No,Value,,,,
Value,Memo,Note,No,Yes,Yes,No,Yes,No,No,No,Note,,,,
Value,Double,TaskEstimate,No,Yes,Yes,No,Yes,No,No,No,Value,0,,,
VariableAvail,Boolean,Project,Yes,Yes,No,No,No,Yes,Yes!,No,Variable Availability?,,,,
VariableAvail,Boolean,Team,Yes,Yes,No,No,No,Yes,Yes!,No,Variable Availability?,,,,
VarianceCurve,Curve - Usg,Assignment,Yes,Yes-m,No,No,No,Yes,Yes,No,Usage Variance,,,,
VarianceCurve,Curve - Usg,Task; Project; Team,Yes,Yes-m,No,No-m,No,Yes,Yes?,No,Usage Variance,,,,
Version,Short,Project; Method,No,Yes,Yes,No,Yes,No,No,No,Version,1,0,,
WBSLevel,Short,Task,No,Yes,Yes,Yes,No,No,Yes,No,,?,,,
WBSSequence,Array,Project,No,Yes,Yes,Yes,No,Yes,Yes,No,,,,,
WBSType,Enum,Task,Yes,Yes,Yes,No,Yes,No,Yes!,Yes!,Type,-2,,Task: -2; Milestone: -1; Project: 0; User defined�,
WDM,Double,Task; M.Task; Assignment; M.Assignment,No,Yes,Yes,No,Yes,No,No,No,WDM,,,,
WeekStart,Enum,Site,No,Yes,Yes,No,Yes,No,No,No,Start Day of Week,0,,Sunday:0;Monday:1;Tuesday:2;Wednesday:3;Thursday:4;Friday:5;Saturday:6,
Weight,Short,AggregateField,No,Yes,Yes,No,Yes,No,No,No,Weight,1,,,
,SubProjectType,Enum,SubprojectLink,No,Yes,Yes,Yes,No,No,No,No,,,,,
