pm.Team,AllocCurve,DEFAULT,Value should be = 100 -  but actual value = ABTCurve{
default:1.0

}
pm.Assignment,EstCurve,SPECIAL TEST 12298,Value should be = 1 -  but actual value = ABTCurve{
12/1/98 8:00 AM-12/4/98 5:00 PM@8.680555555555556E-6(1.0) ABTCalendar{Sunday:holiday, Monday:work, Tuesday:work, Wednesday:work, Thursday:work, Friday:work, Saturday:holiday}
}
mm.Package,Hidden,DEFAULT,Value should be = false -  but actual value = true
AggregateField;,ID,NOT IN CSV,4,false,true,true,false,true,false,false,ID
AggregateField;,SourceFieldID,NOT IN CSV,4,false,true,true,false,true,false,false,Source Field ID
AggregateField;,TargetFieldID,NOT IN CSV,4,false,true,true,false,true,false,false,Target Field ID
AdjRule;,ID,NOT IN CSV,4,false,true,true,false,true,false,false,ID
Assignment;,ActSum,NOT IN CSV,6,false,true,true,true,false,false,false,ActSum
Assignment;,BaseMax,CAPTION,spreadsheet = Baseline Max % Load- in object = Baeline Max % Load
Assignment;,BaseSum,NOT IN CSV,6,false,true,false,true,false,false,false,BaseSum
Assignment;,Calendar,NOT IN CSV,10,true,true,true,false,true,false,true,
Assignment;,EstSum,NOT IN CSV,6,false,true,true,true,false,false,false,EstSum
Assignment;,Finish,NOT IN CSV,9,false,true,true,false,false,false,true,End
Assignment;,IDField,NOT IN CSV,1,false,true,true,false,true,false,false,Defines the property that labels the object
Assignment;,ModTime,NOT IN CSV,9,false,true,true,true,false,false,false,ModTime
Assignment;,NewEACSum,FIELD RULE, Property has default field rule but spreadsheet has onGet = true and onSet = false
Assignment;,Start,FLAG, Updateable Flag in spreadsheet = true- in object = false
Assignment;,Start,FLAG, Editable Flag in spreadsheet = true- in object = false
Assignment;,Status,ENUM,spreadsheet: Key = 0 - Description = Not started - object = NotStarted
Assignment;,WDM,CAPTION,spreadsheet = WDM- in object = Percent
M.Assignment;,ID,NOT IN CSV,4,false,true,true,false,true,false,false,ID
M.Assignment;,ResourceID,NOT IN CSV,4,false,true,true,false,true,false,false,Resource ID
M.Assignment;,TaskID,NOT IN CSV,4,false,true,true,false,true,false,false,Task ID
Calendar;,BaseCalendarID,NOT IN CSV,4,false,true,true,false,true,false,false,
Calendar;,ID,NOT IN CSV,4,false,true,true,false,true,false,false,ID
Calendar;,ResourceID,NOT IN CSV,4,false,true,true,false,true,false,false,
Calendar;,Value,CAPTION,spreadsheet = - in object = Value
ChargeCode;,ID,NOT IN CSV,4,false,true,true,false,true,false,false,ID
Constraint;,ID,NOT IN CSV,4,false,true,true,false,true,false,false,
Constraint;,IDField,NOT IN CSV,1,false,true,true,false,true,false,false,Defines the property that labels the object
Constraint;,TaskID,NOT IN CSV,4,false,true,true,false,true,false,false,Task ID
CustomEnum;,FieldID,NOT IN CSV,4,false,true,true,false,true,false,false,Field ID
CustomEnum;,ID,NOT IN CSV,4,false,true,true,false,true,false,false,ID
Custfieldvalue;,FieldName,NOT IN CSV,1,false,true,true,false,true,false,false,Field Name
Custfieldvalue;,ID,NOT IN CSV,4,false,true,true,false,true,false,false,
Custfieldvalue;,IDField,NOT IN CSV,1,false,true,true,false,true,false,false,Defines the property that labels the object
Custfieldvalue;,RecordID,NOT IN CSV,4,false,true,true,false,true,false,false,Record ID
Custfieldvalue;,TableName,NOT IN CSV,1,false,true,true,false,true,false,false,Table Name
Custfieldvalue;,Value,NOT IN CSV,1,false,true,true,false,true,false,false,Value
CustomField;,FieldName,CAPTION,spreadsheet = Field- in object = 
CustomField;,Guidelines,CAPTION,spreadsheet = Guideline URL- in object = Guidelines
CustomField;,ID,NOT IN CSV,4,false,true,true,false,true,false,false,ID
Deliverable;,Guidelines,CAPTION,spreadsheet = Guideline URL- in object = Guidelines
Deliverable;,ID,NOT IN CSV,4,false,true,true,false,true,false,false,
Deliverable;,IDField,NOT IN CSV,1,false,true,true,false,true,false,false,Defines the property that labels the object
Deliverable;,ProjectID,NOT IN CSV,4,false,true,true,false,true,false,false,Project ID
M.Deliverable;,Guidelines,CAPTION,spreadsheet = Guideline URL- in object = Guidelines
M.Deliverable;,ID,NOT IN CSV,4,false,true,true,false,true,false,false,ID
M.Deliverable;,MethodID,NOT IN CSV,4,false,true,true,false,true,false,false,Method ID
M.Deliverable;,WBSLevel,NOT IN CSV,11,false,true,true,false,true,false,false,WBS Level
M.Deliverable;,WBSSequence,NOT IN CSV,11,false,true,true,false,true,false,false,WBS Sequence
Dependency;,ID,NOT IN CSV,4,false,true,true,false,true,false,false,
Dependency;,IDField,NOT IN CSV,1,false,true,true,false,true,false,false,Defines the property that labels the object
Dependency;,IsIPD,NOT IN CSV,5,false,true,true,false,true,false,false,Interproject Dependency?
Dependency;,PredTaskID,NOT IN CSV,4,false,true,true,false,true,false,false,Predecessor
Dependency;,SuccTaskID,NOT IN CSV,4,false,true,true,false,true,false,false,Successor
Dependency;,Type,CAPTION,spreadsheet = Dependency Type- in object = Type
M.Dependency;,ID,NOT IN CSV,4,false,true,true,false,true,false,false,ID
M.Dependency;,PredTaskID,NOT IN CSV,4,false,true,true,false,true,false,false,Pred Task ID
M.Dependency;,SuccTaskID,NOT IN CSV,4,false,true,true,false,true,false,false,Succ Task ID
Taskestimate;,EstModelID,NOT IN CSV,4,false,true,true,false,true,false,false,Estimate Model ID
Taskestimate;,Formula,NOT IN CSV,1,false,true,true,false,true,false,false,Formula
Taskestimate;,ID,NOT IN CSV,4,false,true,true,false,true,false,false,
Taskestimate;,IDField,NOT IN CSV,1,false,true,true,false,true,false,false,Defines the property that labels the object
Taskestimate;,Override,NOT IN CSV,5,false,true,true,false,true,false,false,Override
Taskestimate;,TaskID,NOT IN CSV,4,false,true,true,false,true,false,false,Task ID
Taskestimate;,Value,NOT IN CSV,6,false,true,true,false,true,false,false,Value
M.TaskEstimate;,EstModelID,NOT IN CSV,4,false,true,true,false,true,false,false,Est Model ID
M.TaskEstimate;,ID,NOT IN CSV,4,false,true,true,false,true,false,false,ID
M.TaskEstimate;,TaskID,NOT IN CSV,4,false,true,true,false,true,false,false,Task ID
Estmodel;,ID,NOT IN CSV,4,false,true,true,false,true,false,false,
Estmodel;,IDField,NOT IN CSV,1,false,true,true,false,true,false,false,Defines the property that labels the object
Estmodel;,Name,NOT IN CSV,1,false,true,true,false,true,false,false,Name
Estmodel;,ProjectID,NOT IN CSV,4,false,true,true,false,true,false,false,Project ID
EstModel;,ID,NOT IN CSV,4,false,true,true,false,true,false,false,ID
Note;,ID,NOT IN CSV,4,false,true,true,false,true,false,false,ID
Note;,RecordID,NOT IN CSV,4,false,true,true,false,true,false,false,Record ID
Note;,TableName,NOT IN CSV,1,false,true,true,false,true,false,false,Table Name
Method;,DeliverableExtIDArray,NOT IN CSV,13,false,true,true,true,false,true,false,DeliverableExtIDArray
Method;,FromFile,NOT IN CSV,1,false,true,true,false,false,false,false,FromFile
Method;,Guidelines,CAPTION,spreadsheet = Guideline URL- in object = Guidelines
Method;,ID,NOT IN CSV,4,false,true,true,false,true,false,false,ID
Method;,IsFullyPopulated,NOT IN CSV,5,false,true,true,false,true,true,false,Fully Populated
Method;,LockedBy,NOT IN CSV,1,false,true,true,false,false,true,false,Locked By
Method;,LockedByMe,NOT IN CSV,5,false,true,true,true,false,true,false,
Method;,PackageNameArray,NOT IN CSV,13,false,true,true,true,false,true,false,Package Name Array
Method;,PageNameArray,NOT IN CSV,13,false,true,true,true,false,true,false,Page Name Array
Method;,ReadOnlyRight,NOT IN CSV,5,false,true,true,true,false,true,false,
Method;,RepoName,NOT IN CSV,1,false,true,true,false,false,false,false,RepoName
Method;,TaskExtIDArray,NOT IN CSV,13,false,true,true,true,false,true,false,TaskExtIDArray
Method;,WBSValidate,NOT IN CSV,5,false,true,true,false,true,false,true,WBS Validate
Package;,Hidden,FLAG, hidden Flag in spreadsheet = true- in object = false
Package;,Hidden,FLAG, Editable Flag in spreadsheet = false- in object = true
Package;,Hidden,CAPTION,spreadsheet = - in object = Hidden
Package;,ID,NOT IN CSV,4,false,true,true,false,true,false,false,ID
Package;,MethodID,NOT IN CSV,4,false,true,true,false,true,false,false,Method ID
PackageMember;,ID,NOT IN CSV,4,false,true,true,false,true,false,false,ID
PackageMember;,PackageID,NOT IN CSV,4,false,true,true,false,true,false,false,Package ID
PackageMember;,RecordID,NOT IN CSV,4,false,true,true,false,true,false,false,Record ID
PackageMember;,TableName,NOT IN CSV,1,false,true,true,false,true,false,false,Table Name
Page;,Guidelines,CAPTION,spreadsheet = Guideline URL- in object = Guidelines
Page;,ID,NOT IN CSV,4,false,true,true,false,true,false,false,ID
Page;,MethodID,NOT IN CSV,4,false,true,true,false,true,false,false,Method ID
Page;,Navigation,CAPTION,spreadsheet = Next Page- in object = Navigation
Page;,Sequence,FLAG, hidden Flag in spreadsheet = true- in object = false
Page;,Sequence,FLAG, Editable Flag in spreadsheet = false- in object = true
Page;,Sequence,CAPTION,spreadsheet = - in object = Sequence
PageMember;,FieldID,NOT IN CSV,4,false,true,true,false,true,false,false,Field ID
PageMember;,ID,NOT IN CSV,4,false,true,true,false,true,false,false,ID
PageMember;,PageID,NOT IN CSV,4,false,true,true,false,true,false,false,Page ID
PageMember;,Sequence,FLAG, hidden Flag in spreadsheet = true- in object = false
PageMember;,Sequence,FLAG, Editable Flag in spreadsheet = false- in object = true
PageMember;,Sequence,CAPTION,spreadsheet = - in object = Sequence
Project;,CActFinish,CAPTION,spreadsheet = Commited Actuals End- in object = Committed Actuals End
Project;,Calendar,NOT IN CSV,10,true,true,true,false,true,false,true,Calendar
Project;,ChargeCodeID,NOT IN CSV,4,false,true,true,false,true,false,false,Charge Code
Project;,DeliverableExtIDArray,NOT IN CSV,13,false,true,true,true,false,true,false,DeliverableExtIDArray
Project;,ExplicitInterest,NOT IN CSV,5,false,true,true,false,true,true,true,Used to set explicit interest in a project.
Project;,ExplicitReferenceCount,NOT IN CSV,14,false,true,true,false,true,false,true,Defines the number of handles a user has to a project.
Project;,Finish,NOT IN CSV,9,false,true,true,false,true,false,true,End
Project;,FromFile,NOT IN CSV,1,false,true,true,true,false,false,false,FromFile
Project;,Guidelines,CAPTION,spreadsheet = Guideline URL- in object = Guidelines
Project;,ID,NOT IN CSV,4,false,true,true,false,true,false,false,
Project;,IDField,NOT IN CSV,1,false,true,true,false,true,false,false,Defines the property that labels the object
Project;,IsFullyPopulated,NOT IN CSV,5,false,true,true,true,false,false,false,IsFullyPopulated
Project;,LockedBy,FLAG, hidden Flag in spreadsheet = false- in object = true
Project;,MasterTeam,NOT IN CSV,13,true,true,false,false,true,true,true,MasterTeam
Project;,ReadOnly,NOT IN CSV,5,false,true,true,true,false,false,false,
Project;,RepoName,NOT IN CSV,1,false,true,true,true,false,false,false,RepoName
Project;,ResolveID,NOT IN CSV,12,true,false,true,true,false,false,true,ResolveID
Project;,ResolveIDList,NOT IN CSV,13,false,false,true,true,false,false,false,ResolveIDList
Project;,TaskExtIDArray,NOT IN CSV,13,false,true,true,true,false,true,false,TaskExtIDArray
Project;,TeamHash,NOT IN CSV,14,false,false,true,true,false,false,false,TeamHash
Project;,UserName,FLAG, hidden Flag in spreadsheet = false- in object = true
Project;,UserName,FLAG, Editable Flag in spreadsheet = true- in object = false
Project;,WBSSequence,FLAG, Virtual flag in spreadsheet = false  - in object = true
Project;,WBSSequence,FLAG, Updateable Flag in spreadsheet = true- in object = false
Project;,VariableAvail,NOT IN OBJECT,
Resource;,AvailDefault,NOT IN CSV,6,false,true,true,true,false,false,false,Default Availability
Resource;,Calendar,NOT IN CSV,10,false,true,true,false,true,false,true,Calendar
Resource;,CalendarID,NOT IN CSV,4,false,true,true,false,true,false,false,Calendar ID
Resource;,ID,NOT IN CSV,4,false,true,true,true,false,false,false,ID
Resource;,OvertimeRate,CAPTION,spreadsheet = - in object = Overtime Rate
Resource;,ReadOnly,NOT IN CSV,5,false,true,true,true,false,true,false,
Resource;,Type,CAPTION,spreadsheet = Resource Type- in object = Employment Type
Resource;,TypeCodeID,NOT IN CSV,4,false,true,true,false,true,false,false,Type Code
Site;,Calendar,NOT IN CSV,10,false,true,true,false,true,false,true,Calendar
Site;,CalendarID,NOT IN CSV,4,false,true,true,false,true,false,false,Calendar ID
Site;,EMailName,NOT IN CSV,1,false,true,true,false,true,false,false,EMail Name
Site;,EMailPassword,NOT IN CSV,1,false,true,true,false,true,false,false,Email Password
Site;,EMailSpec,NOT IN CSV,1,false,true,true,false,true,false,false,Email Spec
Site;,Guidelines,CAPTION,spreadsheet = Guideline URL- in object = Guidelines
Site;,ID,NOT IN CSV,4,false,true,true,false,true,false,false,ID
Site;,Name,NOT IN CSV,1,false,true,true,false,true,false,false,Name
Site;,TrackScale,ENUM,spreadsheet: Key = 3 - Description = Biweekly - object = BiWeekly
Site;,TrackScale,ENUM,spreadsheet: Key = 6 - Description = Semiannual - object = SemiAnnual
Site;,Version,NOT IN CSV,4,false,true,true,false,true,false,false,Version
Site;,WeekStart,ENUM,spreadsheet: Key = 0 - Description = Sunday - not in object
Site;,WeekStart,ENUM,spreadsheet: Key = 1 - Description = Monday - object = Sunday
Site;,WeekStart,ENUM,spreadsheet: Key = 2 - Description = Tuesday - object = Monday
Site;,WeekStart,ENUM,spreadsheet: Key = 3 - Description = Wednesday - object = Tuesday
Site;,WeekStart,ENUM,spreadsheet: Key = 4 - Description = Thursday - object = Wednesday
Site;,WeekStart,ENUM,spreadsheet: Key = 5 - Description = Friday - object = Thursday
Site;,WeekStart,ENUM,spreadsheet: Key = 6 - Description = Saturday - object = Friday
Site;,WeekStart,ENUM,object: Key = 7 - Description = Saturday - not in spreadsheet
Subprojectlink;,Filename,NOT IN CSV,1,false,true,true,false,true,false,false,Filename
Subprojectlink;,ID,NOT IN CSV,4,false,true,true,false,true,false,false,
Subprojectlink;,IDField,NOT IN CSV,1,false,true,true,false,true,false,false,Defines the property that labels the object
Subprojectlink;,IncludeRes,NOT IN CSV,5,false,true,true,false,true,false,false,Include Resources?
Subprojectlink;,IsIPD,NOT IN CSV,5,false,true,false,false,true,false,false,Interproject Dependency?
Subprojectlink;,IsLocked,NOT IN CSV,5,false,true,true,false,true,false,false,Lock for Scheduling?
Subprojectlink;,IsReadOnly,NOT IN CSV,5,false,true,true,false,true,false,false,Read Only?
Subprojectlink;,ProjectExtID,NOT IN CSV,1,false,true,true,false,true,false,true,ProjectExtID
Subprojectlink;,ShowDetail,NOT IN CSV,5,false,true,true,false,true,false,false,Show Detail Tasks?
Subprojectlink;,SubProjectType,NOT IN CSV,11,false,true,true,true,false,false,false,SubProjectType
Subprojectlink;,Summarize,NOT IN CSV,5,false,true,true,false,true,false,false,Summarize Resources?
Subprojectlink;,TaskExtID,NOT IN CSV,1,false,true,true,false,true,false,true,
Subprojectlink;,TaskID,NOT IN CSV,4,false,true,true,false,true,false,false,Task ID
Task;,BaseFinish,CAPTION,spreadsheet = Baseline End- in object = Baseline Finish
Task;,BaseWorkSum,NOT IN CSV,6,false,true,true,true,false,false,false,
Task;,Calendar,NOT IN CSV,10,true,true,true,false,true,false,true,
Task;,Finish,NOT IN CSV,9,false,true,true,false,true,false,true,End
Task;,Guidelines,CAPTION,spreadsheet = Guideline URL- in object = Guidelines
Task;,ID,NOT IN CSV,4,false,true,true,true,false,false,false,
Task;,IDField,NOT IN CSV,1,false,true,true,false,true,false,false,Defines the property that labels the object
Task;,MethodExtID,CAPTION,spreadsheet = Method ID- in object = Method Ext ID
Task;,ModTime,NOT IN CSV,9,false,true,true,true,false,false,false,ModTime
Task;,PctComplete,CAPTION,spreadsheet = Percent Complete- in object = Percent Complete 
Task;,ProjectID,NOT IN CSV,4,false,true,true,false,true,false,false,Project ID
Task;,WBSType,ENUM,object: Key = 1 - Description = Phase - not in spreadsheet
Task;,WBSType,ENUM,object: Key = 2 - Description = Activity - not in spreadsheet
Task;,WDM,CAPTION,spreadsheet = WDM- in object = Percent
M.Task;,Guidelines,CAPTION,spreadsheet = Guideline URL- in object = Guidelines
M.Task;,ID,NOT IN CSV,4,false,true,true,false,true,false,false,ID
M.Task;,IsTask,CAPTION,spreadsheet = Detail Task?- in object = Deatil Task?
M.Task;,MethodID,NOT IN CSV,4,false,true,true,false,true,false,false,Method ID
M.Task;,WBSLevel,NOT IN CSV,11,false,true,true,false,true,false,true,WBS Level
M.Task;,WBSSequence,NOT IN CSV,11,false,true,true,false,true,false,false,WBS Sequence
Team;,AllocDefault,NOT IN CSV,6,false,true,true,true,false,false,false,AllocDefault
Team;,Calendar,NOT IN CSV,10,true,true,true,false,true,false,true,
Team;,ID,NOT IN CSV,4,false,true,true,true,false,false,false,
Team;,IDField,NOT IN CSV,1,false,true,true,false,true,false,false,Defines the property that labels the object
Team;,ProjectID,NOT IN CSV,4,false,true,true,false,true,false,false,Project ID
Team;,ResourceID,NOT IN CSV,4,false,true,true,false,true,false,false,
TimePeriod;,Finish,NOT IN CSV,9,false,true,true,false,true,false,false,Finish
TimePeriod;,ID,NOT IN CSV,4,false,true,true,false,true,false,false,ID
TimePeriod;,IsOpen,NOT IN CSV,5,false,true,true,false,true,false,false,Open for Time Capture?
TimePeriod;,Name,NOT IN CSV,1,false,true,true,false,true,false,false,Name
TimePeriod;,PostedBy,NOT IN CSV,1,false,true,true,false,true,false,false,Posted By
TimePeriod;,PostedTime,NOT IN CSV,9,false,true,true,false,true,false,false,Posted Time
TimePeriod;,Start,NOT IN CSV,9,false,true,true,false,true,false,false,Start
TypeCode;,ID,NOT IN CSV,4,false,true,true,false,true,false,false,ID
